,S_0,S_1,E_0,E_1,Ia_0,Ia_1,Is_0,Is_1,H_0,H_1,U_0,U_1,R_0,R_1,D_0,D_1,Nw_0,Nw_1
0,0.9979129858622564,0.9983146080466685,0.0009999999999431755,0.000685391953776932,0.0009999999999927229,0.0009999999995545887,8.701413780764541e-05,8.584641012053719e-26,0.0,0.0,0.0,0.0,0.0,0.0,0.0,0.0,8.701413780764541e-05,8.584641012053719e-26
1,0.9975421705239225,0.9981304522862269,0.001106767671258293,0.0006966452711853605,0.0009389509617171234,0.000799224118826376,0.00011124505915396513,0.00010447283212846486,6.390700047693063e-07,1.8440974610107409e-06,1.0519992787848207e-07,7.957103971243934e-07,0.0003001105119773471,0.0002665408171937396,1.1002037922594639e-08,2.4866581151929665e-08,0.00013605121478908508,0.00011803893731176336
2,0.9971731033056936,0.9979486406569281,0.0011885503459206205,0.000703401917718615,0.000909424361988405,0.0006489263343667194,0.0001339134049129193,0.00018712486546069524,1.2928524582026008e-06,6.501931778925303e-06,2.47333678198962e-07,2.960646323736984e-06,0.0005934236256831179,0.0005022606577291719,4.47696647427942e-08,1.8298969407942255e-07,0.0001894036811733376,0.00023754739407074005
3,0.9967984167582168,0.9977663717286156,0.0012573180958467592,0.0007091082752222847,0.0009003792931070568,0.0005363936206333735,0.00015461858035357493,0.00025240263767046617,1.9481616244488486e-06,1.2925486216434211e-05,4.22400893881393e-07,6.203607272612486e-06,0.0008867946102542741,0.0007160255326939099,1.0209970317239095e-07,5.691116754436099e-07,0.0002462167702452825,0.00035808506758010477
4,0.9964136709677387,0.9975819135588708,0.00131983815889709,0.0007155145975520525,0.0009051062002493636,0.00045224035012204146,0.00017341799225572868,0.0003041427064876523,2.593700450506196e-06,2.03586584248522e-05,6.261217885160645e-07,1.0285800078571084e-05,0.0011845635398419602,0.000914298762008219,1.8331877812160176e-07,1.2455664559011725e-06,0.00030605826772824084,0.00047963945678684004
5,0.9960160783451288,0.9973941376438866,0.0013799363840448187,0.0007234562069937398,0.0009194629550167993,0.0003894946147108416,0.0001905660092470033,0.0003455200208888729,3.2215594248853358e-06,2.827155345772751e-05,8.543495602680638e-07,1.5014948174278828e-05,0.001489592018143732,0.0011018539358033214,2.8837943370055e-07,2.2510760846247114e-06,0.00036873535530118254,0.0006024107140694317
6,0.9956037789192279,0.9972022541274191,0.0014397808496867278,0.0007332876271941938,0.0009408482483632088,0.00034295884819959176,0.00020637906852968252,0.00037909005848321074,3.827277159039108e-06,3.6306319941811835e-05,1.103294409297679e-06,2.0238604076905364e-05,0.0018038653690939633,0.0012822569692819748,4.1697353023052844e-07,3.6074454032083735e-06,0.00043419081345333707,0.0007266960370628362
7,0.9951754250793438,0.9970056603005519,0.0015006146164077922,0.0007451220716527773,0.0009675932167788535,0.000308738826498258,0.00022117055590752967,0.00040687592736234583,4.409229938179e-06,4.4231768600462515e-05,1.3696310519682748e-06,2.5837302339253005e-05,0.002128849027102725,0.0014582089661746929,5.686434692335654e-07,5.32483682042846e-06,0.00050244405849583,0.0008528295998703179
8,0.9947299539633512,0.9968038577549122,0.0015631552233874764,0.000758955925675917,0.0009986135719878785,0.00028391174986031455,0.00023522391551807396,0.0004304607228752562,4.967900605304612e-06,5.190888137465255e-05,1.6505300318567627e-06,3.1718583758601784e-05,0.0024656920264048763,0.0016317807813634839,7.428687135073109e-07,7.405600179594617e-06,0.0005735592213792322,0.0009811541291079955
9,0.9942664518947342,0.9965964031602689,0.0016278311110168714,0.0007747383588773876,0.0010331929339761046,0.0002662807303354597,0.0002487824805139305,0.0004510715720543012,5.505224022415563e-06,5.926440531792071e-05,1.943650167352421e-06,3.781192759827426e-05,0.0028153535762866534,0.0018045827397856129,9.391292826346396e-07,9.847105762282754e-06,0.0006476264167463542,0.0011120069837695205
10,0.993784077267416,0.9963828803688607,0.0016949145646895875,0.0007924064970690751,0.0010708504253578459,0.00025418899147106234,0.00026204939101818353,0.0004696555004698099,6.0240186670616414e-06,6.627035115606924e-05,2.2471056546931605e-06,4.4064382861721476e-05,0.003178680275642742,0.001977890046710507,1.1569515539857685e-06,1.2643861401246484e-05,0.0007247513748332799,0.001245715187816109
11,0.9932820212944146,0.9961628862866269,0.001764588005605581,0.0008118996427297025,0.001111265813745348,0.0002463880864159861,0.00027519226532443425,0.00048694076431450166,6.527569489196359e-06,7.292945840979261e-05,2.5594196861611676e-06,5.04370899477901e-05,0.0035564496960219507,0.0021527297225596397,1.395935712892431e-06,1.5788948995716386e-05,0.0008050504198909605,0.0013825953675746807
12,0.9927594808996454,0.995936021093933,0.001836989182654198,0.0008331678515026383,0.0011542254014620234,0.00024193537740887098,0.00028834800882323843,0.0005034863030928333,7.019335750596261e-06,7.926429774231381e-05,2.879475692998094e-06,5.6902422196280776e-05,0.003949401924259085,0.0023299475885513693,1.6557717126368652e-06,1.9275065572874957e-05,0.0008886471118101201,0.0015229545728629558
13,0.992215645472468,0.9957018834600828,0.0019122321856893721,0.0008561736369027193,0.0011995906996381206,0.0002401197693460966,0.0003016283274692455,0.0005197207133383809,7.502752531850004e-06,8.530963712857632e-05,3.2064685120268914e-06,6.344171740894828e-05,0.004358257847225992,0.002510255854568405,1.9362464656164025e-06,2.309521122413303e-05,0.0009756708035360619,0.001667092380209664
14,0.9916496886854361,0.9954600675391581,0.0019904198034202346,0.0008808918215813628,0.001247276828542872,0.0002404048991627104,0.0003151246459987726,0.0005359730662534761,7.981104987252618e-06,9.110696669733438e-05,3.539858260951481e-06,7.004343685910195e-05,0.004783731828004437,0.0026942691184955354,2.2372453494736223e-06,2.724315179242953e-05,0.0010662558655979554,0.0018153030453090617
15,0.9910607634304194,0.9952101610438101,0.002071650643275083,0.000907308548729507,0.0012972375450918193,0.00024238622227650358,0.00032891226466689446,0.0005524967830620028,8.457459015963442e-06,9.67007255315512e-05,3.879328258979635e-06,7.670169083531965e-05,0.005226540579502795,0.002882531277228537,2.558749769285807e-06,3.171370852652286e-05,0.0011605413042857647,0.0019678774929314416
16,0.990447999043903,0.994951744083704,0.002156022295247083,0.0009354194995204413,0.0013494548223372195,0.00024575665103608303,0.000343054173009724,0.0005694894178483999,8.934629285437386e-06,0.00010213565431469558,4.22474435683438e-06,8.341497133604163e-05,0.005687409460038125,0.003075536794467192,2.9008318227841974e-06,3.650292777312218e-05,0.0012586706893806825,0.002125105326842584
17,0.9898105002471607,0.9946843886782726,0.0022436324260375843,0.000965229120733166,0.0014039347670546142,0.00025029298393424397,0.0003576026039242653,0.0005871005043542727,9.415176700301916e-06,0.00010745590541063102,4.576136761341289e-06,9.018562825476384e-05,0.006167074991391583,0.0032737390548637844,3.2636509699742616e-06,4.160812417667223e-05,0.001360792147782373,0.0022872756897372474
18,0.9891473445014131,0.9944076575141815,0.002334581447789332,0.0009967486261827348,0.001460697313795537,0.00025582148213999036,0.0003726029930474923,0.0006054514782143402,9.901403584200207e-06,0.0001127028266821351,4.933653589591302e-06,9.70185352066389e-05,0.006666291241397289,0.003477571553526234,3.647445383778806e-06,4.702798386648634e-05,0.0014670583590717888,0.0024546794759111737
19,0.9884575820794569,0.9941211037866057,0.0024289718534203208,0.001029995344293036,0.0015197753947809006,0.0002622135388340743,0.00038809469222544544,0.0006246384078301423,1.0395379119054248e-05,0.00011791513084738695,5.297549188438779e-06,0.00010392085127370983,0.007185830524217339,0.0036874504325509557,4.052527591905953e-06,5.276250776513918e-05,0.0015776266656460439,0.0026276098850273903
20,0.9877402355882691,0.9938242707977809,0.002526908134250624,0.0010649916345105977,0.001581211895631803,0.0002693738844590896,0.00040411253344402553,0.0006447390496267083,1.089896014726648e-05,0.00012312852217609757,5.6681630617623245e-06,0.00011090150159817924,0.007726485446532592,0.0039037816231872824,4.479278663125598e-06,5.881298666129576e-05,0.0016926591766746153,0.0028063634359351175
21,0.9869943003405577,0.993516691753435,0.0026284952106063308,0.0011017635851679668,0.0016450584524555286,0.0002772330073457868,0.0004206881396531016,0.0006658177314272006,1.1413835333068432e-05,0.00012837599153488088,6.045899140874154e-06,0.00011797075648580123,0.008289069981720089,0.004126965273157298,4.928140533576744e-06,6.518190144614856e-05,0.0018123229905548089,0.002991240994601658
22,0.9862187434073435,0.9931978891964016,0.002733839697467859,0.0011403409820607792,0.0017113729489819057,0.0002857412141591679,0.00043785044602533704,0.000687928492535722,1.1941531511659414e-05,0.00013368765127096856,6.4312176224659055e-06,0.00012513999661189918,0.008874421137084967,0.0043573995561419585,5.399613962568148e-06,7.187291081799095e-05,0.001936790135812316,0.0031825481822314343
23,0.9854125032800505,0.9928673746148143,0.0028430500086682746,0.0011807568742031008,0.0017802178523470078,0.00029486334760245515,0.000455626370400212,0.0007111181335908135,1.2483436035357725e-05,0.00013909084434891218,6.8246234773523295e-06,0.00013242145546426802,0.009483400174516937,0.004595483930410198,5.894254504569956e-06,7.889079956607425e-05,0.002066237614504395,0.0033805959392028836
24,0.9845744894860046,0.9925246479463588,0.0029562366305002454,0.0012230473045279698,0.0018516585891789198,0.00030457462983860006,0.0004740412980403505,0.0007354284992374702,1.3040824643432735e-05,0.0001446104474923497,7.226655870078276e-06,0.00013982799917310398,0.010116893847523867,0.004841621766997235,6.412668238703346e-06,8.624140637470394e-05,0.0022008474228144385,0.003585701047359574
25,0.9837035835150458,0.9921691976561352,0.003073510421924051,0.0012672505393109407,0.001925764053122036,0.0003148593883084735,0.0004931195052885872,0.000760897584015315,1.3614876459537046e-05,0.00015026913247401052,7.637882286562724e-06,0.00014737302271122297,0.01077581423653782,0.005096221103697784,6.955509335745743e-06,9.39315733473122e-05,0.0023408066946414316,0.003798186602919707
26,0.9827986389181549,0.9918005005122469,0.0031949822959412805,0.0013134067274644255,0.0020026059049881723,0.0003257086041736825,0.0005128845056586682,0.0007875609765153963,1.4206689600477513e-05,0.0001560875600500264,8.05889212056357e-06,0.0001550703159171892,0.011461099315993458,0.0053596962030886645,7.523477542703716e-06,0.00010196910054405713,0.0024863077424568123,0.004018382402276573
27,0.9818584818488025,0.9914180213219379,0.003320762464914062,0.0013615574507500666,0.0020822580325432724,0.0003371180105454981,0.0005333593312833254,0.0008154529696755932,1.4817298435968784e-05,0.00016208473403535995,8.490290765197852e-06,0.0001629339452150586,0.012173713417646972,0.0056324688868682055,8.117315608900744e-06,0.0001103626809725909,0.002637548096922817,0.004246625429200748
28,0.9808819107630524,0.9910212126779151,0.0034509612895174684,0.0014117460275128817,0.0021647956595121217,0.00034908779324756934,0.0005545663907935819,0.0008446064262139374,1.5447680085155478e-05,0.0001682781017254683,8.932698835759331e-06,0.00017097824567476004,0.012914647709539904,0.005914968841038845,8.737808663790042e-06,0.00011912188667171949,0.0027947304049258455,0.004483259820667539
29,0.979867696594028,0.9906095146011288,0.0035856893820763584,0.0014640174152073934,0.0022502942818463474,0.00036162094915677086,0.0005765275739187555,0.0008750535119153415,1.6098771618236344e-05,0.00017468386160172692,9.386747209926257e-06,0.00017921772871937856,0.013684920867424559,0.006207634817827972,9.385781878226198e-06,0.00012825711444291725,0.00295806237798475,0.004728637177271555
30,0.9788145839567652,0.9901823546163315,0.0037250563946344627,0.0015184177103436019,0.0023388297719583212,0.0003747227229882017,0.0005992643998668686,0.0009068261272382955,1.6771475317534914e-05,0.00018131713220604834,9.853074528723949e-06,0.0001876670405195394,0.014485578827482309,0.006510915093276863,1.0062099446843097e-05,0.00013777955709622452,0.0031277567935651305,0.0049831168530259685
31,0.9777212917240581,0.9897391477984802,0.0038691704742846154,0.0015749939317392736,0.0024304784363745465,0.0003884004045686857,0.0006227980732512253,0.0009399560637896737,1.7466660458594978e-05,0.00018819203024893937,1.0332326255943846e-05,0.00019634094524176586,0.015317694641118346,0.006825267635457087,1.0767664198948915e-05,0.00014770119047478758,0.003304031489289944,0.005247066071655969
32,0.9765865149218036,0.9892792969289886,0.004018136466597,0.001633793305463929,0.0025253172128777202,0.00040266269645297404,0.0006471496651494506,0.0009744755051374276,1.8185169077654675e-05,0.00019532191489400792,1.082515162450526e-05,0.00020525427319708207,0.016182367996526226,0.00715116064285958,1.1503416344229273e-05,0.00015803473300669726,0.0034871093445957356,0.005520860308088465
33,0.975408924826267,0.9888021923029677,0.00417205699162924,0.0016948636729812677,0.002623422394578327,0.0004175195055997474,0.0006723398536476852,0.0010104166787174747,1.8927821331869697e-05,0.00020271946656537338,1.1332203228347795e-05,0.00021442192566966826,0.017080725576385927,0.0074890728105699396,1.2270332932135541e-05,0.00016879363692907319,0.0036772180628403227,0.0058048831414129745
34,0.974187170473807,0.9883072121132749,0.004331032140744434,0.0017582533221608637,0.0027248693178464688,0.0004329816099011498,0.0006983889185985584,0.0010478119302437592,1.9695419544044325e-05,0.00021039681377919782,1.1854135668774241e-05,0.0002238588555482074,0.018013920167613908,0.007839493304415258,1.3069426177122336e-05,0.00017999205067691413,0.003874589947231951,0.006099526108060841
35,0.9729198771678393,0.9877937207489101,0.004495159009950676,0.0018240110113392368,0.0028297309927344787,0.0004490603343593513,0.0007253164782178865,0.0010866935756721795,2.048875116360657e-05,0.00021836561519107624,1.239160405305265e-05,0.000233580059935521,0.018983134248477102,0.008202923756328697,1.3901747564176448e-05,0.00019164489826405234,0.0040794622647707095,0.006405189847048727
36,0.9716056531728827,0.9872610720522654,0.0046645305708809285,0.0018921852342898508,0.002938079276912788,0.0004657675084343989,0.0007531417635308991,0.0011270941153498986,2.130858731925277e-05,0.00022663717131582624,1.294526317636846e-05,0.00024360056037153036,0.01998957298545605,0.008579875639748274,1.4768379841328174e-05,0.00020376771822508015,0.0042920762127507065,0.006722282378082214
37,0.9702430895215938,0.9867086083163411,0.004839234166946771,0.001962823828098592,0.003049984513848681,0.0004831153921226671,0.0007818835352404423,0.0011690462583109106,2.215568041616594e-05,0.0002352224518392499,1.3515766331654367e-05,0.0002539353950702492,0.021034466375148813,0.008970871627801517,1.567044047407817e-05,0.0002163767304160889,0.0045126772338801345,0.007051220053847022
38,0.9688307616992872,0.9861356605824486,0.005019351152424193,0.002035973856712366,0.003165514950450859,0.0005011165726172979,0.0008115599551327683,0.001212582758739389,2.303076423270597e-05,0.00024413213601725433,1.4103764502303401e-05,0.00026459961608580137,0.022119068632823497,0.009376445647233977,1.660908114680145e-05,0.00022948883014570077,0.004741514770470404,0.007392427436270214
39,0.9673672309120552,0.9855415486051395,0.0052049571593572016,0.0021116817633538027,0.0032847353709745905,0.0005197836871625461,0.0008421883076852243,0.0012577360856434892,2.393455688941708e-05,0.0002533766687767778,1.4709905113986474e-05,0.0002756082852110641,0.023244658300294242,0.009797143310068836,1.7585487630314107e-05,0.00024312159464424902,0.004978841979362503,0.007746337216410865
40,0.9658510473860514,0.984925581831297,0.005396120945535434,0.0021899928894287,0.0034077070193731717,0.0005391293603603119,0.0008737849754385867,0.001304538403055885,2.486775804054824e-05,0.000262966297189284,1.533483085425331e-05,0.00028697646195229004,0.02441253620645363,0.010233521499509296,1.860087825316889e-05,0.00025729325720749,0.0052249153331527035,0.008113389874480823
41,0.9642807526233947,0.9842870590200073,0.005592902256242528,0.002270950841264276,0.003534486767101235,0.0005591661243271206,0.0009063652239723679,0.0013530214179358548,2.5831042839784824e-05,0.00027291106447673296,1.5979177522951062e-05,0.0002987191901950632,0.025624026401924654,0.010686149561799122,1.9656507002008657e-05,0.0002720227799947317,0.005479994598342892,0.008494034371676699
42,0.9626548845861069,0.9836252730951998,0.0057953550739728195,0.002354598027585285,0.0036651287429566547,0.0005799064206040811,0.0009399436184277423,0.0014032165065148527,2.6825070737170182e-05,0.00028322089970830817,1.6643576236833755e-05,0.00031085149926630523,0.026880465683358716,0.011155604004710364,2.07536482033746e-05,0.0002873295464113476,0.005744341269101649,0.00888872447039665
43,0.9609719779841317,0.9829395054765706,0.006003519553216629,0.002440973848638994,0.0037996804247741535,0.0006013623624056649,0.0009745330351933482,0.0014551540649243003,2.78504641050117e-05,0.0002939054852696141,1.732864598743428e-05,0.00032338837147531186,0.028183216273711273,0.011642476545815246,2.189361888059348e-05,0.0003032338449006003,0.00601822001159038,0.009297923840735097
44,0.9592305687831063,0.9822290335539262,0.006217429590530482,0.002530116234579582,0.003938186051532187,0.0006235458457897529,0.00101014553442792,0.0015088639323439597,2.8907827936663526e-05,0.00030497440337612857,1.8034999582068343e-05,0.00033634475914037266,0.02953364946012458,0.012147364940723314,2.3077752759847785e-05,0.00031975633012108957,0.006301896420951407,0.009722099907575405
45,0.9574292007870084,0.98149312401219,0.0064370997365819265,0.0026220584157710526,0.004080679576681298,0.0006464680078554056,0.0010467905906288396,0.0015643740731177665,2.9997712681704156e-05,0.0003164369376796899,1.8763229739803465e-05,0.0003497355087084649,0.03093316093538435,0.012670884320294064,2.430743129370093e-05,0.0003369187243839392,0.006595638229428094,0.010161730612432066
46,0.9555664169187067,0.9807310460555803,0.006662548509844328,0.00271683455762677,0.004227197013915557,0.0006701401262445549,0.0010844781971946227,0.0016217128085273275,3.112067980997357e-05,0.0003283024343173326,1.951393311923639e-05,0.00036357548579664736,0.03238314072197781,0.013213646012542917,2.5584025431808214e-05,0.00035474251936460033,0.006899712596024139,0.010617291538570156
47,0.9536407857590432,0.9799420562834997,0.006893761570042541,0.002814470342874962,0.004377756139172733,0.0006945719635453976,0.001123213773537248,0.0016809048277483406,3.227719486261221e-05,0.00034057973112169246,2.028766915005555e-05,0.00037787932932800813,0.033885008919122495,0.013776286696675261,2.6908975069220238e-05,0.0003732508252070821,0.0072143880170206145,0.011089272665501028
48,0.95165088738743,0.9791254153738,0.007130722552506601,0.0029149905397673754,0.00453237363509655,0.0007197730702746979,0.0011630024546628538,0.0017419743314231622,3.346771460354301e-05,0.00035327761748999304,2.1084992767488914e-05,0.00039266162390837596,0.035440177549324985,0.014359440768828387,2.8283713608124513e-05,0.0003924666745084069,0.00753993122922133,0.011578161812720535
49,0.9495953232714146,0.9782803780658251,0.00737339365219083,0.0030184141981954905,0.0046910543203738456,0.0007457519545430702,0.0012038463947647063,0.0018049430291255794,3.469263184981131e-05,0.0003664045423470915,2.1906433577892858e-05,0.0004079367869912066,0.03705007358145081,0.014963757350503116,2.9709714377548256e-05,0.0004124140724697227,0.007876608979131788,0.012084454757763246
50,0.9474727272814996,0.9774062029921821,0.0076217210261069835,0.0031247554463342602,0.004853794819871166,0.0007725161875298204,0.0012457456574767154,0.0018698304040809391,3.595228658346261e-05,0.0003799686479974965,2.2752498094120035e-05,0.00042371903017435116,0.038716117968273296,0.015589889839290067,3.118846209480187e-05,0.0004331174524114209,0.008224684974062467,0.01260864798027954
51,0.9452817661134418,0.9765021510339281,0.007875632433015351,0.003234022936891723,0.005020582159342449,0.0008000723060568764,0.0012886978669999886,0.0019366534794210833,3.724695950872543e-05,0.000393977739474762,2.3623667450844435e-05,0.00044002235074318865,0.040439729340781924,0.016238498335183267,3.27214594590069e-05,0.0004546018183014809,0.008584420242042156,0.013151240162974963
52,0.9430211440118924,0.9755674861959938,0.008135036556704252,0.0033462194298612916,0.005191391621732004,0.0008284256089755342,0.001332697690128322,0.0020054263600129975,3.857686508837798e-05,0.0004084392405390759,2.4520394301258967e-05,0.0004568604967664449,0.042222322632190466,0.0169102498787494,3.431022796305678e-05,0.0004768927891019446,0.008956072380252722,0.013712731878817963
53,0.940689612908022,0.9746014810418431,0.008399824174729726,0.0034613416112830625,0.005366186629449111,0.0008575800217643385,0.0013777368029825742,0.002076159933948878,3.994214925365996e-05,0.0004233601641177454,2.544310054584585e-05,0.0004742469147404,0.04406529793942848,0.01760581391762729,3.5956295588825124e-05,0.0005000163946755818,0.009339893455290349,0.014293622004576656
54,0.9382859682536367,0.9736034134171966,0.008669865577327285,0.00357937982057651,0.005544918573991961,0.0008875381240027825,0.0014238038512698272,0.0021488618995470607,4.134288882348702e-05,0.0004387470881690368,2.6392176282074747e-05,0.0004921947577443045,0.04597004747293116,0.018325865637388597,3.7661205737611244e-05,0.000523999255375563,0.009736131256165804,0.014894410143651012
55,0.9358090748213799,0.9725725759952837,0.008945007469504319,0.0037003164273766657,0.005727523510335396,0.0009183005731329482,0.0014708836407978916,0.0022235354103210107,4.2779075212773684e-05,0.000454605964522937,2.736796721134999e-05,0.0005107167102618701,0.047937937013251296,0.019071080478395556,3.942650230722704e-05,0.0005488684407057906,0.010145025078194068,0.015515591217734192
56,0.933257848395853,0.9715082699879434,0.009225075517769453,0.0038241269539049366,0.0059139252226640205,0.0009498665821749026,0.0015189578630421885,0.002300180194697636,4.425062396369925e-05,0.00047094226659067496,2.8370784485101724e-05,0.0005298251162993912,0.049970317853311415,0.019842137369245883,4.125373891115478e-05,0.0005746515291437193,0.010566808650229794,0.01615765899395531
57,0.9306312920335666,0.9704098179793681,0.00950986631893708,0.00395077669147997,0.0061040330421478954,0.0009822333483171235,0.0015680044343783714,0.0023787911267760774,4.5757335669743265e-05,0.00048776068518329476,2.9400886220419765e-05,0.0005495317170505284,0.05206850148666101,0.020639711972641247,4.314446241892385e-05,0.0006013764791841526,0.011001704892221438,0.016821099633275514
58,0.9279284736344947,0.9692765560147925,0.00979915293873074,0.004080222953724291,0.006297742648478509,0.001015396363853654,0.0016179977936727097,0.0024593590198598355,4.729892275321645e-05,0.0005050653149907639,3.045848880544657e-05,0.0005698478111848402,0.05423377535031442,0.02146448081358806,4.510022275036032e-05,0.0006290717080067022,0.011449929051873897,0.01750639555322534
59,0.9251485597513706,0.9681078464419649,0.010092680296996177,0.004212412271470234,0.006494932727143185,0.0010493488860498991,0.0016689080038394806,0.0025418692858060364,4.887497682595119e-05,0.0005228593335395372,3.1543749511210515e-05,0.0005907839733292858,0.056467377939052474,0.022317113865209248,4.712255526111482e-05,0.000657765942631448,0.011911683282849575,0.018214018576159733
60,0.9222908004292794,0.9669030720846059,0.010390167004613933,0.004347281632360276,0.006695466593263808,0.0010840821700057461,0.001720701182217859,0.002626302528116173,5.0484983020952385e-05,0.0005411451494387727,3.265677427257843e-05,0.0006123501834711717,0.05877051004452808,0.023198277963460457,4.92129888035027e-05,0.0006874882885420211,0.01238715911911417,0.018944433060722143
61,0.9193545514165401,0.9656616453077229,0.010691306695366177,0.0044847581171436595,0.006899187272389848,0.0011195846808837806,0.0017733383863621835,0.0027126327711840532,5.212831465089577e-05,0.0005599242225398927,3.379760422911646e-05,0.0006345556235758799,0.061144317280334336,0.024108631182503924,5.137303012750421e-05,0.0007182680944463973,0.01287653310274293,0.01969808996133265
62,0.9163392727879089,0.9643830073876611,0.010995767451764674,0.004624758750717215,0.007105918113997452,0.0011558421945340534,0.0018267757422067918,0.002800827674803891,5.380423168054115e-05,0.0005791970711059501,3.496621679876827e-05,0.0006574086920934592,0.06358989129033751,0.02504882326419871,5.360416530546312e-05,0.0007501349648861981,0.01337996714624066,0.020475427359941668
63,0.9132445380209139,0.9630666324694509,0.011303189251812396,0.0047671895109021745,0.007315464238532264,0.001192837760371249,0.0018809647061358416,0.002890848412063328,5.5511866170984185e-05,0.0005989631860408071,3.616252107748319e-05,0.000680916914087931,0.06610826154103894,0.026019493049440755,5.5907854318366665e-05,0.0007831186976433944,0.013897607321118305,0.02127686844108346
64,0.9100700505756478,0.9617120344321389,0.011613182955932009,0.004911944488030912,0.00752761096024019,0.0012305513018759401,0.0019358516649603807,0.0029826487429394045,5.725021033797506e-05,0.0006192208874555943,3.738634843386805e-05,0.0007050867868387804,0.06870038176422875,0.027021264179416332,5.828552021919819e-05,0.000817249181304714,0.014429580966950736,0.02210281737871971
65,0.9068156324248927,0.9603187624132421,0.011925329746808027,0.0050589057411836455,0.007742126324694612,0.0012689601958264288,0.001991378508681184,0.003076176234895376,5.9018119524946143e-05,0.0006399673747308397,3.86374594233794e-05,0.0007299238743685187,0.07136713885895034,0.02805474769920313,6.073855702500729e-05,0.0008525564665505035,0.014975998925510062,0.022953662489799603
66,0.9034812616670299,0.9588864173336072,0.012239172959544535,0.005207938870495193,0.007958764290942933,0.0013080393632430827,0.002047483117870711,0.003171372121965111,6.081426099067912e-05,0.0006611982699897726,3.9915524214150664e-05,0.0007554324195095093,0.07410931987258351,0.029120531095400994,6.32683068238363e-05,0.000889070525789664,0.015536950072805998,0.023829767975634165
67,0.9000670536221217,0.9574146443784608,0.01255422939887952,0.005358897469988228,0.00817725800449831,0.001347760561211316,0.0021040980905030564,0.00326817004539827,6.26371635046019e-05,0.0006829078976893394,4.122013017595131e-05,0.0007816155130366825,0.07692762752453368,0.030219182811321844,6.587606578337506e-05,0.0009268213228941266,0.016112502728035164,0.024731476015106148
68,0.8965732725356041,0.9559031389899558,0.01286999226316863,0.005511623297227664,0.008397317295239355,0.0013880919946152172,0.0021611501985968045,0.003366495163954465,6.448521872359322e-05,0.0007050891630832241,4.2550774087732496e-05,0.0008084749437348042,0.0798226686421348,0.03135124775493957,6.856307244523423e-05,0.0009658386924897522,0.01670270193703192,0.02565910255779096
69,0.8930003376362566,0.9543516500153327,0.013185932085296486,0.00566594684466436,0.008618628632077031,0.0014289978705366003,0.0022185603672187676,0.003466263302290175,6.6356677479362e-05,0.0007277335616246727,4.390685850587078e-05,0.0008360111290281235,0.08279494724185907,0.03251724502104536,7.13305013070403e-05,0.001006152255478481,0.017307568172485216,0.02661293478468479
70,0.8893488275421486,0.9527599821646149,0.01350149793639924,0.005821687426622577,0.00884085448159657,0.0014704382652890834,0.0022762435372648444,0.0035673806457743856,6.824965011030474e-05,0.0007508311313255879,4.528768878314804e-05,0.000864223052303939,0.08584485970579729,0.03371766594970143,7.417945790031246e-05,0.0010477913643686786,0.017927096292150432,0.02759322937097212
71,0.8856194964990777,0.9511280045495839,0.013816105371673725,0.005978647831637802,0.009063644659857773,0.0015123705512117961,0.0023341109586714655,0.0036697464004074665,7.016205223548689e-05,0.0007743700826498177,4.669246681618964e-05,0.0008931080441404521,0.08897267702107084,0.0349529675624546,7.711097059707321e-05,0.0010907849779146627,0.018561254761780194,0.028600210307345025
72,0.8818132712573747,0.9494556494520975,0.014129140944042223,0.006136615971342658,0.009286632894082856,0.001554748964082005,0.00239206950203982,0.0037732519620190695,7.209162178739896e-05,0.0007983368780518825,4.812029160749119e-05,0.000922661810807429,0.09217854749888116,0.03622357329866386,8.012599018459057e-05,0.0011351616629361675,0.019209985396896292,0.02963406861518242
73,0.8779312622200991,0.9477429205072196,0.01443996535506608,0.006295364332602871,0.009509438358109462,0.001597524827052192,0.0024500220062821294,0.0038777812062817684,7.403591585771294e-05,0.0008227160080128247,4.957015161960117e-05,0.0009528782065021573,0.09546248061947843,0.037529865525546664,8.322537348780068e-05,0.0011809493867823689,0.01987320070725949,0.030694957134022063
74,0.8739747569811503,0.9459898893801799,0.014747918468286804,0.006454652571436809,0.009731661389051656,0.0016406457917192234,0.0025078664192931606,0.0039832091066035885,7.599233254576866e-05,0.00084749018231764,5.1040927373869286e-05,0.0009837493230882815,0.09882435359636736,0.03887218809407936,8.640988593133497e-05,0.001228175550575656,0.02055078416588362,0.031782991019325704
75,0.8699452224407653,0.9441967008326655,0.015052336981316475,0.00661423313466542,0.009952875278081011,0.0016840542873809569,0.0025654942151453752,0.004089398718427628,7.795816036943232e-05,0.0008726404459636299,5.253138543737386e-05,0.001015265342834755,0.10226390135772294,0.04025084050538157,8.968018116246949e-05,0.0012768667326810686,0.021242586534223916,0.0328982404459171
76,0.8658443090518438,0.9423635740997154,0.015352540721454045,0.0067738462826883485,0.01017263702282229,0.001727689055187849,0.002622792571582299,0.004196204150952942,7.993053051653454e-05,0.0008981459672439507,5.404017974058654e-05,0.001047414505921604,0.10578071311568668,0.04166607721171252,9.303680635407002e-05,0.0013270487265779252,0.02194842761866099,0.034040733065894606
77,0.8616738556940527,0.9404908083450733,0.015647836895473288,0.00693322098660531,0.010390489196594547,0.0017714850560837507,0.002679644824088491,0.004303470389371982,8.190642108349773e-05,0.000923983972559515,5.556584769569816e-05,0.001080182957293889,0.10937422093224484,0.04311810194832474,9.648018876727358e-05,0.0013787463446881274,0.022668094576075867,0.035210449671854674
78,0.8574358929173289,0.9385787858088036,0.015937512127798304,0.0070920709217825815,0.010605969245374642,0.0018153750676424753,0.002735932394861849,0.0044110363323403585,8.388262409136289e-05,0.0009501294830167938,5.710681072748547e-05,0.001113554646930441,0.11304369324525244,0.044607064371648554,0.00010001063456540288,0.0014319833678357273,0.023401342790103374,0.036407324783198296
79,0.8531326445083763,0.9366279742250102,0.016220833737275994,0.0072500945642469195,0.010818611328624885,0.001859289820676377,0.002791535210937125,0.004518735061497008,8.585574527875227e-05,0.000976555268655735,5.8661373153084e-05,0.0011475112589341824,0.11678822977329592,0.04613305734694878,0.00010362832305828907,0.001486782454031269,0.024147895343100127,0.037631244929769554
80,0.8487665139357728,0.9346389255108215,0.01649707354243192,0.007406983733660996,0.011027935196805214,0.0019031561658899739,0.0028463296142474804,0.004626390431089268,8.782228556815701e-05,0.001003232195800122,6.022772447686781e-05,0.0011820322155426822,0.12060676440812872,0.04769611481619354,0.0001073332925691842,0.0015431649310024445,0.024907441112519288,0.03888204371466112
81,0.8443400863296407,0.9326122763480529,0.016765503762692865,0.007562422155196573,0.011233449115678874,0.0019468974616508423,0.0029001889473431017,0.00473381781577002,8.977862665393604e-05,0.001030129167289824,6.180393934242187e-05,0.0012170946654980752,0.12449806383688145,0.04929621157946976,0.0001111254417671098,0.0016011508070725058,0.025679635164456135,0.04015950239891458
82,0.8398561146071574,0.9305487483414303,0.017025416840345167,0.007716092948520996,0.011434645506872454,0.001990432337091655,0.0029529829155996016,0.004840821956936859,9.172109818829812e-05,0.001057213439907925,6.338798171651537e-05,0.0012526734487465013,0.1284607265369776,0.05093325904575335,0.00011500451314344755,0.001660758481612804,0.026464097649125898,0.04146334468083954
83,0.8353175272213639,0.9284491500149715,0.017276109868103157,0.00786767232749277,0.011631010993817581,0.0020336764680360868,0.0030045795606928097,0.004947200298550691,9.36459210549742e-05,0.0010844503131033983,6.497770445876304e-05,0.0012887410484773336,0.1324931786306252,0.05260710470196106,0.00011897009988423056,0.0017220048274075733,0.027260415253812155,0.04279323963426303
84,0.8307274255796577,0.9263143824458974,0.017516876574844634,0.008016825429932435,0.011822045692465666,0.0020765452171504057,0.0030548494154619714,0.0050527482270456975,9.554916954759321e-05,0.0011118028317752414,6.657085509019512e-05,0.0013252674024617527,0.13659366107665633,0.05431752352281776,0.0001230216362764685,0.0017849049229196957,0.028068143170638903,0.044148800709286576
85,0.8260890763659995,0.9241454354029957,0.01774701842973909,0.008163210776549697,0.012007253292473359,0.0021189523162669682,0.003103663490650555,0.005157256557444977,9.742681590592977e-05,0.001139232031767166,6.81650775064108e-05,0.0013622200039273516,0.14076023812956587,0.05606422082992129,0.00012715839815981801,0.0018494720811272755,0.028886804460255933,0.04552958532452157
86,0.8214059022983095,0.9219433890354233,0.017965846147429826,0.0083064799984346,0.01218615074487189,0.0021608112729814754,0.0031508954612274776,0.0052605144061776635,9.927473189114598e-05,0.0011666968674655803,6.975791918810233e-05,0.0013995638189396287,0.14499079320188737,0.057846826965930694,0.00013137949519519273,0.001915717634647435,0.02971589148877821,0.04693509390019807
87,0.8166814609713181,0.9197094062207067,0.018172707137950016,0.008446289791444912,0.01235824968704074,0.0022020322112301974,0.0031964180400995902,0.005362303353441311,0.00010108879999107851,0.0011941548981845315,7.134683755513017e-05,0.0014372614872403188,0.14928304466120076,0.05966490119277993,0.0001356838648451423,0.0019836508449723902,0.030554864759137542,0.048364766920963816
88,0.8119194370788866,0.9174447318828793,0.01836698995582822,0.008582303499814963,0.012523058175637458,0.0022425220749825504,0.003240103450217161,0.005462397951827856,0.000102864930263193,0.0012215623616728545,7.29292046381614e-05,0.001475273323714654,0.15363454693585812,0.06151793010658035,0.00014007026867165947,0.002053278798527855,0.031403153529241855,0.04981798432027022
89,0.807123632452363,0.9151506927842241,0.01854811494458158,0.008714187724932211,0.012680097281585414,0.002282187020425348,0.003281827003345362,0.00556057058472797,0.00010459903139371199,0.0012488740637238646,7.450231896173258e-05,0.0015135573069434965,0.15804268967441162,0.0634053242509111,0.00014453729335815857,0.002124606264112352,0.032260159399420785,0.051294067937705023
90,0.8022979678844191,0.9128286979742584,0.018715533404597112,0.00884161176398721,0.012828900946979391,0.0023209324890909075,0.003321467043519912,0.005656591563920769,0.00010628700581977834,0.0012760433328454994,7.606340440416701e-05,0.001552069066770515,0.16250469695911274,0.0653264180980514,0.00014908335114827733,0.002197635711075742,0.033125256128250596,0.05279228159570347
91,0.7974464749021639,0.9104802417667865,0.01886869709826857,0.008964234489258831,0.012969054639725879,0.0023586695855044746,0.003358913056497875,0.005750241651742833,0.00010792463722856338,0.0013030213760083394,7.760962928231366e-05,0.001590761764476874,0.16701761934966017,0.06728046222896389,0.00015370668717328673,0.002272367137258661,0.03399779682368563,0.05431183802453478
92,0.7925732577012382,0.9081068875873936,0.019007122606794512,0.009081731846031523,0.01310014394213664,0.0023953068499957698,0.003394055416343516,0.005841296563031755,0.0001095078529148076,0.0013297588058365818,7.913811231174008e-05,0.0016295865315565099,0.17157836900261325,0.06926663384728929,0.00015840536564790253,0.0023487979688654424,0.03487710906049816,0.055851891116892406
93,0.7876824832200718,0.9057102655406635,0.019130387752775473,0.009193796346039309,0.013221762461429925,0.0024307512459794665,0.003426787121368619,0.005929529085185886,0.00011103271709957913,0.001356205714622435,8.064593230247749e-05,0.0016684925394787012,0.17618372352226894,0.07128403653935009,0.00016317727268362584,0.0024269229886810166,0.03576249738798796,0.057411537934553385
94,0.7827783832772784,0.9032920756140597,0.0192380991381156,0.009300123523979662,0.013333543673054666,0.002464913499192543,0.0034570103304005055,0.006014719431703161,0.00011249530951363206,0.0013823110249839392,8.213013941032068e-05,0.0017074269041007786,0.18083031800416116,0.07333169568046008,0.00016802012806624124,0.00250673432152059,0.03665324896167308,0.05898982576713403
95,0.7778652331420252,0.9008540821122876,0.019329913546504002,0.009400421049882323,0.013435150774972059,0.00249770653055321,0.003484634537298848,0.006096652527003151,0.0001138918184160281,0.0014080230164830888,8.358776634525169e-05,0.0017463348278108951,0.18551465693777472,0.07540855870767539,0.00017293147666457904,0.0025882212283047466,0.03754863354833165,0.060585749710767946
96,0.7729473270748634,0.8983981014634843,0.019405548423500972,0.009494414801923732,0.013526267500170585,0.0025290441249661115,0.003509574790733732,0.006175115719232643,0.00011521860212781617,0.0014332898727838362,8.501584229833866e-05,0.0017851599515940812,0.19023313906515626,0.07751350384381904,0.00017790870114947009,0.0026713702221965864,0.03844790612209901,0.06219825684685515
97,0.7680289728921373,0.8959260024639716,0.01946477063470719,0.00958184440039771,0.013606612902779569,0.002558843411791653,0.003531754815967692,0.006249903721644797,0.00011647215127447223,0.0014580595118684296,8.641140368277552e-05,0.001823844350886815,0.1949820561746758,0.07964533717695924,0.0001829490247756127,0.0027561649624800104,0.03935030996168137,0.06382624912388911
98,0.7631144751986514,0.8934397001918236,0.019507401031866083,0.009662465883402433,0.01367594107728577,0.002587025006766113,0.003551107087278848,0.00632081912761013,0.00011764911954937909,0.001482279857396292,8.777150704289962e-05,0.0018623287140307862,0.19975760546265117,0.08180279501296946,0.00018804951567503517,0.002842586206001536,0.04025507891628263,0.06546858568594191
99,0.7582081185533592,0.8909411484936649,0.01953331825191392,0.00973605449794792,0.013734039113957089,0.0026135128493149805,0.0035675725090775576,0.00638767233240616,0.00011874635560174158,0.0015058991574797018,8.909324152878044e-05,0.0019005525698219663,0.2045559048798862,0.0839845482732787,0.00019320709467597142,0.0029306118260860334,0.04116143982642112,0.06712408609639516
100,0.7533141522724821,0.8884323350476573,0.019542458692893592,0.00980240560110974,0.013780731380660653,0.0026382350586084125,0.0035811014338746326,0.006450283453536763,0.00011976091804976642,0.0015288661805454068,9.037374341075285e-05,0.0019384544442387712,0.20937300301930556,0.0861892034896757,0.00019841853932352376,0.0030202167246282602,0.04206861535066112,0.06879153309318528
101,0.7484367799843409,0.8859152780828033,0.01953481879512112,0.009861336136843106,0.013815880637316714,0.0026611242282888123,0.0035916539827497277,0.00650848307543639,0.00012069009231027113,0.0015511303849497031,9.161020576132676e-05,0.001975971970822139,0.21420488581712627,0.08841530336653544,0.00020368048527433542,0.003111372754321385,0.0429758254817736,0.07046967382029753
102,0.7435801372183591,0.8833920147027375,0.019510452883114718,0.009912685550710865,0.01383938860186127,0.0026821179884529995,0.0035992002142498027,0.006562113614838024,0.00012153140619576788,0.0015726422607487195,9.279989804587738e-05,0.0020130422646984798,0.21904750033284656,0.09066133477894356,0.00020898944532756183,0.0032040488388701996,0.04388229210953096,0.07215722717453192
103,0.7387482821264311,0.8808645957444741,0.01946947071855394,0.009956316068645464,0.013851196614151916,0.0027011592682061746,0.0036037203270311933,0.006611030008360672,0.00012228264281729072,0.0015933535187890263,9.394017501902049e-05,0.002049602098504516,0.22389676557910101,0.09292573228443819,0.00021434181689514574,0.0032982110085822223,0.04478724119831651,0.07385288712508119
104,0.7339451862920263,0.8783350802697029,0.01941203642569505,0.00999211302388549,0.013851284868668944,0.0027181964212248874,0.0036052044893422827,0.0066551000501407,0.00012294184454653847,0.0016132172435788835,9.502848491922562e-05,0.00208558808691545,0.22874858370281925,0.09520688242220512,0.0002197338919829718,0.0033938224823469145,0.04568990469355735,0.07555532625107703
105,0.7291747134512729,0.8758055267929541,0.019338371215468803,0.01001998731097503,0.013839672917536353,0.0027331836924050766,0.0036036530443282187,0.006694205616798806,0.00012350733871162298,0.0016321882701289961,9.606239013045465e-05,0.002120937002990665,0.2335988577760551,0.09750312771423765,0.0002251618664971453,0.0034908435995099556,0.04658952396759489,0.07726320005471951
106,0.7244406118086151,0.8732779876353195,0.019248750007643013,0.010039875079447676,0.013816418834839316,0.0027460813749329857,0.0035990763307516436,0.006728243069048008,0.0001239777426705452,0.0016502233400021843,9.703957497992045e-05,0.0021555859803080485,0.2384435038493089,0.09981277159658472,0.00023062185119213246,0.003589231924357134,0.0474853518740751,0.07897515102505988
107,0.7197465075130435,0.8707545052077988,0.019143500354270093,0.010051737934822488,0.013781619174966689,0.0027568559640571556,0.003591494682284017,0.006757123639706576,0.00012435196793304378,0.0016672812215437476,9.795785219036649e-05,0.0021894726474334216,0.24327845857742164,0.10213408110491042,0.000236109877891201,0.003688942279727633,0.048376654159427074,0.08068981103810817
108,0.7150958866524607,0.8682371004570781,0.0190229961174242,0.010055562532113656,0.013735409395166525,0.00276548071069843,0.0035809385113911288,0.0067807747658728094,0.00012462922474586508,0.001683323058558008,9.881518189957816e-05,0.0022225355651815364,0.24809970299596468,0.10446529602144533,0.00024162192094783248,0.0037899268890523668,0.04926271398086899,0.08240580952230342
109,0.7104920919047967,0.8657277706378558,0.018887657099897925,0.01005136074923949,0.013677963059425306,0.0027719356147883436,0.0035674481353891265,0.006799140110372986,0.00012480902478582398,0.001698312441576776,9.960967502066751e-05,0.0022547143103831377,0.2529032671994535,0.10680463072804011,0.0002471539012315374,0.0038921354077436263,0.05014283259692393,0.0841217748609418
110,0.7059383133813265,0.8632284814770739,0.018737945082272587,0.010039169297640808,0.013609489211516002,0.002776207405365498,0.0035510731525648332,0.006812179605624045,0.00012489117984671003,0.001712215628159681,0.00010033960357065274,0.0022859497925226133,0.2576852466861748,0.10915028171271152,0.00025270170272855344,0.003995515080902241,0.05101633180390195,0.08583634000741255
111,0.7014375745059339,0.8607411586139601,0.01857436162538828,0.01001905021606773,0.013530231087366168,0.0027782897529346332,0.0035318721821885565,0.006819870049479622,0.00012487581320015472,0.0017250018212661225,0.00010100341457769278,0.0023161845695098084,0.26244182018422507,0.1115004341396494,0.0002582611871207747,0.00410001083713278,0.051882556966413855,0.08754814799190008
112,0.696992738181718,0.8582676880164501,0.018397448645487532,0.009991090541700142,0.013440461044203019,0.002778182565385072,0.0035099116917056933,0.006822203579446788,0.0001247633527104413,0.0017366431299981984,0.00010159972418693999,0.002345362871830367,0.2671692491634091,0.11385326390237467,0.00026382819657987734,0.004205565392814753,0.05274087576534074,0.08925585186161963
113,0.6926064915627177,0.8558099057054657,0.018207781184155586,0.009955401365357101,0.013340481661195438,0.002775892568709788,0.0034852662051512917,0.0068191890068455396,0.00012455452915066366,0.0017471148524113426,0.0001021273342318263,0.0023734309966935477,0.2718638989492705,0.11620694610371561,0.0002693985741275587,0.004312119400801619,0.053590682368638114,0.09095812234095972
114,0.6882813484360347,0.8533695955073822,0.01800596093695715,0.00991211561602553,0.013230625428787014,0.002771433326499408,0.0034580181260552606,0.006810851780775198,0.00012425035499929356,0.0017563954581792344,0.00010258523171878852,0.0024003374393365457,0.2765222433117207,0.1185596592699059,0.0002749681737277471,0.004419611601896123,0.05443139819076093,0.09265365087833405
115,0.6840196439230979,0.8509484836982874,0.01779261318228873,0.009861387380362673,0.01311125257430737,0.002764825198108884,0.003428257195834784,0.006797233920987094,0.00012385211787104081,0.001764466711076661,0.00010297259479620125,0.0024260331164781923,0.28114087553874584,0.12090959101080793,0.0002805328730587675,0.0045279789638913905,0.055262473447059375,0.0943411537670683
116,0.679823534848321,0.8485482352548781,0.017568379891666677,0.009803389542160283,0.012982750306793333,0.0027560953828352297,0.003396080194789382,0.00677839402993427,0.00012336135661429788,0.0017713136791809728,0.00010328879416512577,0.002450471555013865,0.285716516020493,0.12325494368617806,0.0002860885871578495,0.004637156869819389,0.056083388364823406,0.09601937631639446
117,0.675694995694944,0.84617045069052,0.017333924587048015,0.0097383158635836,0.012845526088302217,0.0027452770882664783,0.0033615895397237677,0.006754405678015536,0.00012277988474348984,0.0017769248874666102,0.00010353339446619284,0.002473609007249684,0.29024601953883966,0.12559393760428653,0.00029163127193345783,0.0047470791806117464,0.05689365303226784,0.09768709359060211
118,0.6716358138643108,0.8438166569662815,0.017089929828457365,0.00966638060092351,0.012699997645939116,0.002732408476659735,0.003324891006195984,0.006725355251340459,0.00012210978859611033,0.001781292527577804,0.00010370615779916935,0.002495404850850084,0.2947263947617432,0.1279248227562641,0.0002971569469588453,0.004857678570102995,0.057692808745526215,0.09934311687631556
119,0.6676475945255557,0.8414883096393805,0.016837093673182743,0.009587817325591979,0.012546596212401985,0.0027175327499760786,0.003286094405394846,0.00669134208938358,0.00012135341292067925,0.0017844123704729286,0.00010380703896110731,0.0025158215224893553,0.29915479903787334,0.13024587777250235,0.00030266169371034234,0.0049688865302033956,0.05848042776557467,0.10098629302066454
120,0.6637317721975865,0.8391867931912232,0.016576103992197562,0.009502867819619048,0.012385780542197852,0.00270070058076401,0.003245316133287851,0.00665248292449481,0.00012051324352016717,0.0017862832749464537,0.00010383618374079261,0.0025348246012683925,0.3035285360298974,0.13255541394291134,0.0003081416775725636,0.0050806336647727605,0.059256115937080606,0.10261551178827903
121,0.6598896016222825,0.8369134140788405,0.016307656063010302,0.009411789626267075,0.012218016257503971,0.002681967156666681,0.0032026749280858868,0.006608906143184572,0.00011959198834994895,0.0017869076415457422,0.0001037939282440083,0.0025523830490787056,0.3078450720614561,0.134851782488627,0.0003135931510678137,0.005192849815789906,0.06001951111614817,0.10422970545027523
122,0.6561221609868877,0.8346693988263746,0.016032450048957998,0.009314855204811049,0.01204377231748182,0.002661391492598305,0.0031582910247248503,0.006560750329883313,0.00011859256569288759,0.0017862914136776615,0.00010368079406458139,0.0025684693173669503,0.3121020397998392,0.13713337917100696,0.00031901246235154954,0.005305464244281278,0.0607702830400058,0.10582785066420303
123,0.6524303565312771,0.8324558930205956,0.015751177075314884,0.00921234567241217,0.011863527975236793,0.0026390377641249164,0.0031122873852733254,0.006508166671905756,0.0001175180396002741,0.0017844438082535402,0.00010349748804096225,0.0025830594488829976,0.31629723943516685,0.1393986477866537,0.0003243960700904298,0.005418405827171416,0.06150813505722428,0.10740897343216554
124,0.6488149349578073,0.8302739643677509,0.015464523732798375,0.009104551904084397,0.011677763839355992,0.002614973582396274,0.0030647877457454058,0.006451315334843973,0.00011637162538281692,0.001781377195432749,0.00010324488444239915,0.0025961329363338695,0.32042863267345895,0.14164608144276747,0.0003297405410094565,0.005531603236390475,0.062232800986687174,0.10897214626299769
125,0.6452764771594293,0.8281245964715372,0.015173166647169004,0.008991772770405996,0.011486961221266148,0.0025892701112262646,0.0030159163720265983,0.00639036567257914,0.00011515667339849423,0.0017771071921851437,0.00010292403120025773,0.0026076730256521063,0.3244943553291166,0.1438742296427319,0.00033504256639432843,0.0056449851136822675,0.06294404729085724,0.11051649362308685
126,0.6418154274191266,0.826008701513471,0.014877770595745802,0.00887431210712045,0.011291601685314179,0.0025620014801515088,0.002965797805417192,0.00632549459588396,0.00011387662841866543,0.0017716520513636526,0.0001025361188410226,0.0026176661669341907,0.3284926907983287,0.14608169187752915,0.00034029894880864244,0.005758480207546013,0.06364166800284964,0.11204118534842507
127,0.638432058663444,0.823927098383191,0.014578983607522064,0.00875247902329659,0.011092162635009336,0.0025332448831500588,0.0029145558634399026,0.006256887067729054,0.00011253504134452994,0.001765033336098532,0.00010208251361155386,0.002626103010274143,0.3324221150326412,0.1482671366676972,0.0003455066429881838,0.005872017628563386,0.06432549208927431,0.11354545136447562
128,0.6351265044343617,0.8218805281734765,0.014277438307559271,0.008626586122950496,0.010889116498573347,0.0025030797700113946,0.0028623133728380087,0.006184734061427885,0.00011113554055449807,0.0017572752907923552,0.00010156472317078392,0.0026329777167995562,0.3362812643885843,0.15042929196157417,0.0003506627343587702,0.005985526902967647,0.06499537726297293,0.11502857232194648
129,0.6318987673418117,0.8198696542249897,0.013973746964022768,0.00849694674074237,0.010682928696837585,0.002471587329108897,0.002809191577406159,0.006109231260675244,0.0001096818010436999,0.001748404615285898,0.00010098438371694165,0.0026382879717816955,0.340068934786445,0.15256694959866196,0.00035576444871683474,0.006098938258754146,0.06565120933310668,0.11648988145341001
130,0.6287487068360454,0.817895054958111,0.013668500820430703,0.008363875250723227,0.01047405612047625,0.0024388505673418747,0.002755309789982688,0.006030579316731495,0.00010817754836944593,0.001738450687729756,0.00010034327181600738,0.0026420353081668298,0.34378409644759556,0.15467897121812257,0.00036080916528459934,0.006212182693073222,0.06629290459999614,0.11792876925616606
131,0.6256760754530625,0.8159572393398148,0.013362271295663983,0.008227684219578426,0.0102629433280148,0.002404953050596987,0.002700784363830813,0.005948980715105458,0.00010662651127896721,0.001727444795857923,9.964326275236185e-05,0.002644224422561962,0.3474258613842675,0.1567642812600881,0.0003657944011297623,0.0063251921963963795,0.06692040290101768,0.11934467487659986
132,0.6226805035086515,0.8140566379491673,0.013055605904273192,0.00808868429315295,0.010050023328482333,0.002369979177276432,0.0026457289061119745,0.005864640492330039,0.00010503243263793228,0.0017154204108670466,9.888634399415883e-05,0.002644863564607396,0.35099350174924265,0.15882187427049352,0.00037071782660695493,0.006437899842105377,0.06753367121077052,0.1207370922871545
133,0.6197615107830237,0.8121936072833076,0.012749027410292118,0.007947182792564437,0.009835716411910994,0.0023340137307744013,0.002590253939104127,0.005777765114252257,0.00010339904959847217,0.001702412918690033,9.807460054503887e-05,0.0026439643444837765,0.3544864405424007,0.16085081390171052,0.0003755772631255159,0.006550239914217008,0.06813270162823641,0.12210556830509744
134,0.6169185181897952,0.8103684332564846,0.012443031481570757,0.007803481459501688,0.009620429462452068,0.002297141443506878,0.002534466606693462,0.005688561319302242,0.00010173006066716806,0.0016884593006005959,9.721019865613511e-05,0.002641541572560891,0.3579042433147866,0.16285023353297456,0.00038037068537933623,0.006662148115068587,0.06871750964531928,0.12344970174302405
135,0.614150849862944,0.8085813321863609,0.012138088383768267,0.0076578767569661695,0.009404554304382471,0.0022594467520580417,0.0024784703252264096,0.00559723557000826,0.00010002912951177133,0.0016735980692238748,9.629538177417178e-05,0.002637613193162801,0.3612466163926029,0.16481933587299816,0.0003850962197905829,0.006773561599221927,0.06928813344467348,0.12476914253020313
136,0.6114577425429374,0.8068324537512445,0.011834642474306059,0.007510658556084738,0.009188465908542097,0.0022210133012087827,0.0024223643081561557,0.005503992826477499,9.82998664382955e-05,0.0016578690095553033,9.533245648449459e-05,0.002632200133964106,0.3645134002980292,0.16675739327744418,0.00038975214510694224,0.006884419144021006,0.06984463225055793,0.12606359059020258
137,0.6088383461568958,0.8051218811387617,0.011533111342722595,0.007362109842820776,0.00897252306439314,0.0021819239823292124,0.0023662437020026475,0.005409036620810859,9.654582471014046e-05,0.0016413131686881782,9.432379197218222e-05,0.0026253263041892956,0.3677045692246048,0.1686637477871657,0.0003943368926992853,0.006994661155234255,0.07038708638073918,0.1273327959396176
138,0.6062917385870821,0.8034496375483972,0.01123388874144833,0.007212506152100265,0.008757065363929561,0.002142260048321236,0.0023101988954883318,0.005312566968562457,9.477048974112741e-05,0.0016239724415105707,9.327179570753282e-05,0.002617018221943071,0.37082021708649937,0.17053780875503352,0.0003988490401043194,0.007104229864131725,0.07091559395950865,0.12857655463516257
139,0.6038169350327381,0.8018156880558753,0.010937341098103143,0.00706211318436855,0.008542412343389417,0.002102100750709546,0.002254315186312304,0.005214779392912281,9.29772475572705e-05,0.0016058893222673737,9.217890101795413e-05,0.0026073049488651323,0.3738605528747916,0.1723790548120877,0.00040328731609084653,0.007213069532914136,0.07143026982677958,0.12979470912802912
140,0.6014128877367694,0.8002199415037896,0.010643808214378391,0.006911187521871035,0.008328866364773676,0.002061523634866277,0.0021986734773153612,0.005115865598880298,9.116939330415065e-05,0.0015871069009958532,9.104756765768743e-05,0.0025962179650810538,0.37682589665193245,0.17418703052289417,0.00040765059386954004,0.007321126351621816,0.07193124545905395,0.13098714648417287
141,0.5990784875599627,0.7986622527540237,0.010353603906520356,0.0067599770462966734,0.008116714727798614,0.0020206046903376794,0.002143350782923054,0.005016013802858317,8.935013567565753e-05,0.0015676688109159287,8.988027947867436e-05,0.0025837910284995723,0.3797166747225185,0.1759613434868361,0.0004119378851230048,0.007428348380232049,0.0724186685581236,0.13215379656148396
142,0.596812581455087,0.7971424273132779,0.010067014374028207,0.006608718020494709,0.007906225503820495,0.0019794173608424924,0.0020884191292098483,0.004915406284746232,8.752255698036864e-05,0.0015476187511216874,8.867951831071975e-05,0.0025700599548915183,0.3825334091182481,0.1777016664067083,0.00041614834431594937,0.007534685907917272,0.07289270010885707,0.13329463084426812
143,0.5946139720256024,0.7956602242446572,0.009784298755533397,0.006457635232819044,0.0076976523865206195,0.0019380333901065315,0.002033946648229379,0.004814221143190992,8.568961525379042e-05,0.0015270004228266543,8.744776651107899e-05,0.0025550624231598846,0.38527671154223003,0.17940773183693953,0.00042028126012001813,0.007640091306300281,0.07335351435791898,0.1344096603569885
144,0.5924814260962921,0.7942153588736319,0.009505688619119322,0.0063069411346501885,0.007491233186256923,0.001896522229571011,0.0019799972007645715,0.004712630930170146,8.385413121078859e-05,0.0015058573201194787,8.618749349938877e-05,0.0025388378403236153,0.3879472772176798,0.1810793324941934,0.00042433605517787533,0.007744519177340353,0.07380129731674681,0.13549893440573715
145,0.5904136756496629,0.7928075043402242,0.009231395902537595,0.006156838592653669,0.007287184082451613,0.0018549502837076428,0.0019266292592034137,0.00461080114939651,8.20188214121886e-05,0.0014842327366559197,8.49011504852267e-05,0.0025214271934865216,0.3905458828556764,0.18271631936615565,0.00042831227857145494,0.00784792633772011,0.07423624511304801,0.13656253763962947
146,0.5884094186660376,0.7914362932255443,0.008961620665848848,0.006007523560759013,0.007085694259838738,0.001813380224884303,0.0018738948710587471,0.004508888896116881,8.018633050940228e-05,0.0014621697692890367,8.359116556335784e-05,0.002502872897651147,0.39307338444300194,0.1843185996293304,0.000432209598142165,0.00795027179642513,0.07465856239501795,0.13760058711624595
147,0.586467331167735,0.7901013224175846,0.008696541270518606,0.005859180383194294,0.006886934431354575,0.0017718717562603603,0.001821841291733215,0.004407044135117841,7.835917044801035e-05,0.0014397109220525848,8.225993159153812e-05,0.0024832185941473317,0.39553070493437303,0.18588613490975517,0.00043602780224679175,0.00805151688188793,0.07506846191844876,0.1386132321863753
148,0.5845860835898119,0.7888021620157499,0.008436286419285791,0.005711971772558521,0.006691086857420637,0.0017304847304150934,0.0017705170745444087,0.004305415878077056,7.653958421879504e-05,0.00141689761882153,8.090980213899267e-05,0.0024625088233817876,0.3979188098728279,0.1874189339881932,0.00043976679975225885,0.008151625172802915,0.07546616669902931,0.13960065525685098
149,0.5827643148734537,0.7875383439799434,0.008180999708368221,0.005566064263216863,0.006498283779510014,0.0016892714422389592,0.0017199598510739696,0.004204137159613553,7.472986773064355e-05,0.001393771277018202,7.954308604100943e-05,0.002440789229663892,0.4002387422363293,0.18891706015939483,0.00044342659749369294,0.008250562488910278,0.07585190283535671,0.1405630621629148
150,0.5810006643734542,0.7863093782312609,0.00793078367767114,0.0054216030785616065,0.006308662866644871,0.0016482845205216129,0.0016702072653255612,0.004103340090097006,7.29320672582257e-05,0.0013703718562987535,7.816204202683415e-05,0.002418106014684456,0.4024915803937588,0.1903806192540353,0.0004470073138609636,0.008348296954540252,0.07622590397390547,0.1415006883343121
151,0.5792937596998378,0.7851147473965214,0.0076857328029233596,0.005278727276060335,0.006122336952370122,0.0016075720770001363,0.0016212910730162467,0.00400314661735546,7.114815335155882e-05,0.0013467386220611872,7.676887379935436e-05,0.0023945060145528314,0.4046784532819164,0.19180976306177167,0.00045050916278582625,0.00844479893467688,0.07658840743992827,0.142413792043766
152,0.577642229044724,0.7839539137310692,0.0074459165284578395,0.005137561487425791,0.005939411961938337,0.0015671804561149724,0.0015732406872377694,0.0039036737193098516,6.937992485985568e-05,0.0013229095748925352,7.53657258067116e-05,0.002370036412797167,0.4068005236721639,0.19320468357159754,0.0004539324548121616,0.008540041046792946,0.07693965509923004,0.14330265531975409
153,0.5760446968015034,0.7828263176354968,0.007211395382341114,0.004998223576586673,0.0057599728799660015,0.0015271517816434325,0.0015260804684159102,0.003805028764858954,6.762909363884149e-05,0.001298921827816731,7.395467942208527e-05,0.00234474471640844,0.408858993107914,0.1945656135888441,0.00045727758679929884,0.008633998108344717,0.07727989117895537,0.14416757973110064
154,0.5744997919957814,0.7817313830550825,0.006982211159794189,0.004860819496641637,0.0055840951807408995,0.001487525887474355,0.001479832004849889,0.003707313161078845,6.589722770366649e-05,0.0012748112123848062,7.253775047836549e-05,0.00231867851939424,0.41085508964094586,0.1958928215634856,0.0004605450397064468,0.00872664710445806,0.07760936252491887,0.14500888621194102
155,0.5730061500228443,0.7806685180220401,0.006758389856911258,0.004725444401708068,0.005411841922467101,0.0014483396815570923,0.0014345135275852926,0.0036106210560058463,6.418576180557709e-05,0.0012506122339995995,7.111688187393469e-05,0.002291885386796172,0.41279006664904166,0.19718661193274697,0.0004637353774715959,0.00881796728514609,0.07792831773410554,0.1458269139324826
156,0.571562413471464,0.7796371176390688,0.006539946465119687,0.004592185225304757,0.005243263222219032,0.001409627020953395,0.001390139934272633,0.0035150392822881275,6.249602602606682e-05,0.001226358229382661,6.96939477298424e-05,0.0022644127467556373,0.41466519769971166,0.19844731994291603,0.0004668492334578437,0.008907939913330483,0.07823700611128621,0.1466220165019246
157,0.5701672354805368,0.7786365658158217,0.006326882950765089,0.0044611193541575144,0.00507839849439463,0.0013714190639644846,0.001346723223625292,0.0034206479597895328,6.082923093383602e-05,0.0012020812015498168,6.827074875617587e-05,0.002236307761111481,0.4164817725607131,0.1996753105197072,0.00046988731027568725,0.008996548323898224,0.07853567742086334,0.1473945616883671
158,0.5688192817101985,0.7776662374263755,0.00611918963132416,0.00433231523393087,0.004917277103591565,0.0013337443480172452,0.0013042726772934236,0.003327520692460296,5.918647408557303e-05,0.0011778118134971249,6.684901164556956e-05,0.0022076172082856134,0.41824109301828044,0.20087097543349666,0.00047285037358148175,0.009083777843936635,0.07882458126522897,0.1481449295323982
159,0.5675172320574297,0.7767254994632098,0.005916846336349049,0.004205832825254759,0.004759917930015316,0.0012966286360455688,0.001262794789481883,0.0032357242623764896,5.7568744130622506e-05,0.0011535793556062578,6.543038579860232e-05,0.002178387381878298,0.41994447050732703,0.20203473226958552,0.00047573924946846876,0.009169615806043242,0.07910396655055188,0.14887351124795803
160,0.566259781873924,0.7758137135529304,0.005719823624842384,0.004081724359154234,0.004606331122143204,0.0012600952456279482,0.0012222937027641962,0.003145319386798733,5.597693007572872e-05,0.0011294118009140474,6.401644718228947e-05,0.0021486640045994968,0.4215932214834282,0.20316702028465553,0.00047855481564062965,0.009254051365319586,0.07937408103452157,0.14958070698915174
161,0.5650456453733017,0.7749302365421958,0.005528081977021206,0.003960033463517647,0.004456517582249284,0.001224164819769759,0.0011827710511472548,0.003056360115615141,5.441180976309973e-05,0.0011053356093048956,6.260868783306798e-05,0.002118492073403198,0.423188665513636,0.2042683016684551,0.0004812980050490243,0.009337075707738517,0.07963517084368425,0.15026692604659514
162,0.5638735553508213,0.7740744224621289,0.005341573745508279,0.0038407963985322723,0.004310470131985337,0.001188855625721838,0.0011442262862199272,0.0029688945817098037,5.2874064788514115e-05,0.0010813758643796602,6.120852317909148e-05,0.002087915834257707,0.4247321221010203,0.20533905742172795,0.0004839697964780028,0.009418681811541946,0.0798874801631346,0.15093258466290768
163,0.5627422653771678,0.7732456243861292,0.005160243954248334,0.003724042335023286,0.0041681740757845065,0.0011541836188596433,0.0011066568214798368,0.002882965139308773,5.136428324081809e-05,0.0010575562355310858,5.981729003239972e-05,0.0020569786553440014,0.42622490698786036,0.2063797852116977,0.0004865712101866769,0.009498864418106354,0.08013125068073162,0.15157810457438156
164,0.5616505503635473,0.7724431959757537,0.004984030997015011,0.0036097940312110758,0.004029608441692361,0.001120162625426585,0.0010700583528291264,0.0027986088145871375,4.988296831228096e-05,0.001033899034113613,5.843624937795578e-05,0.0020257229713859263,0.4276683293254716,0.2073909966418364,0.0004891033017550626,0.009577619905685553,0.08036672135243154,0.15220391149360668
165,0.5605972066766964,0.7716664920582235,0.004812867161702578,0.003498068094495579,0.0038947462448736063,0.0010868044218449561,0.0010344249300645748,0.0027158574970750017,4.843054126907653e-05,0.0010104252395577453,5.706658788930151e-05,0.001994190267281768,0.4290636906977311,0.20837321618558519,0.0004915671597739905,0.009654946235936209,0.08059412828356127,0.15281043453649404
166,0.5595810543262143,0.7709148703663341,0.004646679528373373,0.003388875202832383,0.003763554762326294,0.0010541187867179355,0.0009997490276020477,0.0026347380541345785,4.70073427505245e-05,0.0009871544640021465,5.570941591131705e-05,0.0019624209418157247,0.430412281694707,0.20932697924341737,0.0004939639021158134,0.009730842940745716,0.08081370415582338,0.15339810488332342
167,0.5586009364187579,0.770187691464591,0.004485390048718218,0.0032822202775773038,0.003635995664320525,0.0010221135409638868,0.0009660215871138643,0.002555272432697992,4.561363576156536e-05,0.0009641049808530299,5.436576904605668e-05,0.0019304543321344411,0.43171538220115535,0.21025283188445987,0.0004962946751273399,0.009805311086722392,0.0810256783139023,0.15396735571117043
168,0.5576557205953181,0.7694843210977781,0.004328917111814575,0.0031781033453558132,0.003512025948681017,0.0009907947640696232,0.0009332322781635462,0.0024774781808216766,4.4249616376804674e-05,0.0009412937694892799,5.303661055521122e-05,0.0018983285958867882,0.43297425719357396,0.21115132711101103,0.0004985606455175604,0.009878353135587641,0.08123027620776187,0.15451862000216962
169,0.556744298940729,0.7688041302855224,0.004177175245007674,0.0030765195726957556,0.003391598444472699,0.0009601668400102772,0.0009013696090499295,0.0024013685662528854,4.291541344521569e-05,0.0009187365448340083,5.1722832690651346e-05,0.0018660807220188167,0.43419015651491727,0.21202302455444655,0.0005007629996883037,0.009949972914219304,0.08142771946500099,0.15505233045531253
170,0.5558655885643126,0.7681464962911452,0.004030075736947342,0.002977459623707248,0.0032746622274195955,0.000930232549070038,0.0008704210410124002,0.002326952798437838,4.16110930048733e-05,0.000896447777758698,5.0425257773581e-05,0.0018337464832017486,0.4353643131391746,0.21286848892141377,0.0005029029403557122,0.010020175555265489,0.08161822566731429,0.15556891858083688
171,0.5550185316741795,0.7675108026542461,0.003887526810409411,0.0028809096724230817,0.0031611624434245344,0.0009009930568504562,0.0008403729508870482,0.0022542359987104054,4.033665871185903e-05,0.0008744406848551714,4.9144637758860536e-05,0.0018013604281723876,0.4364979431380578,0.21368829000015505,0.0005049816865717625,0.010088967504587308,0.08180200830459831,0.15606881466955705
172,0.5542020957380799,0.7668964407251325,0.003749434218382852,0.00278685212502614,0.003051041779255691,0.000872448200529603,0.0008112109920529166,0.002183219901829292,3.9092059670935285e-05,0.0008527273444603197,4.788166043159555e-05,0.0017689558526268942,0.43759224308527095,0.2144829995082456,0.0005070004668559782,0.010156356342149639,0.08197927663437833,0.15655244625226503
173,0.5534152743868882,0.766302811094869,0.0036157021639545957,0.002695266136053216,0.0029442410511667373,0.0008445966165203754,0.0007829202573696711,0.0021139031645487165,3.787719683528303e-05,0.000831318722581234,4.663695075365006e-05,0.0017365647266938053,0.43864838747873597,0.21525318883979327,0.00050896051429662,0.01022235069894032,0.08215023534318497,0.15702023677104052
174,0.5526570884098065,0.7657293249708592,0.003486234274180037,0.002606128082437812,0.0028406996099499537,0.0008174358377468481,0.0007554854008737651,0.002046281599284334,3.669192915580311e-05,0.0008102246831912265,4.54110713655848e-05,0.0017042176169479578,0.43966752624258126,0.21599942701761332,0.0005108630620878671,0.01028696019191922,0.08231508418087166,0.15747260431652915
175,0.5519265819405453,0.7651754004543881,0.003360931913070786,0.0025194106958466482,0.002740353805840177,0.0007909621399540362,0.0007288902412361349,0.0019803478118771128,3.553606486114886e-05,0.0007894540322206113,4.420452534077503e-05,0.001671943931965538,0.4406507921557182,0.2167222854155025,0.000512709353388312,0.010350195518245384,0.08247401898219035,0.1579099647615768
176,0.5512228240110563,0.76464046489081,0.003239695456343108,0.002435083863383264,0.0026431381750683927,0.0007651707568093366,0.0007031180725605473,0.001916091721998389,3.440937068051932e-05,0.000769014561727836,4.301775844706867e-05,0.0016397718049672365,0.4415992965224382,0.21742233408169892,0.0005145006334067585,0.010412068318605064,0.08262723114150593,0.15833272961014414
177,0.5505449100089298,0.7641239571188909,0.0031224255507895566,0.0023531154191738825,0.0025489865545320818,0.0007400560842783288,0.0006781519587324603,0.001853501060081017,3.3311581001306975e-05,0.0007489130949893531,4.185116141966707e-05,0.0016077279828275832,0.4425141250428568,0.21810013819612892,0.0005162381417389719,0.010472591043629954,0.08277490710825686,0.1587413039212923
178,0.5498919593061101,0.7636253255251328,0.003009023124309223,0.002273471199199431,0.002457830657731319,0.0007156115167936648,0.0006539744209318767,0.0017925610324486512,3.224239991754561e-05,0.0007291555476367426,4.070507237939904e-05,0.0015758379708214784,0.44339634190256183,0.2187562602401616,0.000517923116059423,0.010531776967805478,0.0829172288254709,0.15913608760004538
179,0.5492631158161562,0.7631440291549105,0.0028993898331532175,0.00219611535556795,0.0023696008510208427,0.0006918296122333832,0.0006305676274319241,0.0017332547048408838,3.1201505044620906e-05,0.0007097469598947634,3.957977889559174e-05,0.0015441259839689939,0.4442469878000488,0.2193912581179782,0.0005195567882496436,0.010589640110605227,0.08305437354321514,0.15951747442427594
180,0.5486575482062029,0.7626795384399211,0.002793428388385148,0.0021210106389138554,0.0022842267217484595,0.0006687022101715887,0.0006079135341081999,0.0016755632862983695,3.0188550777055535e-05,0.0006906915342571623,3.8475520124324293e-05,0.0015126149249052594,0.44506707869716666,0.22000568379748353,0.0005211403814878908,0.010646195168049,0.08318651371860412,0.1598858513552903
181,0.548074449210235,0.7622313343867136,0.002691040863687339,0.0020481181383599136,0.0022016381852938303,0.0006462203877321571,0.0005859940885251207,0.0016194660679337705,2.920315997243095e-05,0.0006719926910491987,3.7392489247935795e-05,0.0014813264851167825,0.4458576068906131,0.22060008434966302,0.0005226751124259661,0.010701457493431361,0.08331381745759628,0.16024159926933784
182,0.5475130355723774,0.7617989093495734,0.002592130012789131,0.0019773978316219103,0.0021217652034129153,0.000624374567444162,0.0005647912099588931,0.0015649406839029789,2.8244933220987638e-05,0.000653653107957146,3.633083560504938e-05,0.0014502811088623366,0.4466195400452552,0.22117500032767967,0.0005241621873810904,0.01075544302295829,0.08343644828086184,0.16058509205441854
183,0.5469725477079135,0.7613817676207877,0.0024965994682274876,0.0019088088246586466,0.0020445385169473025,0.00060315473791121,0.0005442869662510175,0.0015119636175435205,2.7313452861232256e-05,0.0006356747867776227,3.5290669086598405e-05,0.0014194980068737869,0.4473538204196347,0.22173096423572686,0.0005256027990788897,0.010808168169720555,0.08355456514982398,0.16091669604370648
184,0.5464522503337432,0.7609794242309595,0.0024043518935475735,0.0018423077818577435,0.0019698892561700724,0.0005825504161728862,0.0005244634119146393,0.0014605099589344102,2.6408266778167237e-05,0.0006180588680728189,3.4272052866029635e-05,0.0013889951525353499,0.44806136665032853,0.22226850355784758,0.0005269981346524424,0.01085965003361956,0.08366832269273475,0.16123677190626337
185,0.5459514305485234,0.7605914073122789,0.0023152890686138085,0.001777850215571611,0.001897753091405042,0.0005625515477094079,0.0005053035591701044,0.0014105555485378195,2.552890343228427e-05,0.0006008060045988614,3.327502555127311e-05,0.0013587894050422448,0.44874307044229794,0.22278813408577236,0.000528349361006917,0.010909905880488647,0.08377787154537458,0.16154567215329968
186,0.5454693991159086,0.760217256466552,0.0022293133782162315,0.00171539029798701,0.0018280659950757076,0.0005431476452569977,0.0004867904484349519,0.001362075004592516,2.467486976351853e-05,0.0005839161033840961,3.229958389186259e-05,0.0013288963920202836,0.4493997989746909,0.22329036456710946,0.0005296576340189027,0.010958953523097434,0.08388335783628431,0.16184374238074145
187,0.5450054862760138,0.7598565227455604,0.002146332183045427,0.0016548806097089865,0.0017607608589183322,0.0005243289817972841,0.0004689065331574127,0.001315043911939733,2.3845683565015907e-05,0.0005673882453507345,3.134569277497395e-05,0.0012993305973791798,0.450032398679499,0.2237756937704552,0.0005309240930269418,0.011006811137808424,0.08398492315288421,0.16213132145427842
188,0.5445590384182993,0.7595087643627956,0.0020662650258605974,0.0015962827219546435,0.0016957606409230047,0.0005060815670816946,0.0004516323811529688,0.0012694298601418684,2.3040916097888157e-05,0.0005512218355614385,3.0413285912465034e-05,0.0012701056224213856,0.45064169947498955,0.224244616884649,0.0005321498567649197,0.011053497145394378,0.0840827038210833,0.1624087372125556
189,0.5441294276361772,0.7591735537093216,0.0019890231102988607,0.0015395527026789836,0.0016329991796156938,0.0004883930895304947,0.00043495070547697374,0.0012252034311298595,2.2260072909572436e-05,0.0005354154522203544,2.9502269142375256e-05,0.0012412339076187608,0.45122850099595657,0.22469761745695363,0.0005333360304234343,0.011099030250546132,0.08417683294191668,0.16267631157234475
190,0.5437160476765395,0.7588504758968919,0.0019145164741549163,0.0014846433292567609,0.0015724140325581834,0.00047125256518452453,0.0004188449796582382,0.001182337406814298,2.150263715199858e-05,0.0005199668973863993,2.8612521818438797e-05,0.0012127267892144038,0.4517935779754284,0.22513516770173617,0.0005344837026911335,0.01114342941351537,0.08426743981159932,0.1629343600125674
191,0.543318310666897,0.7585391260114596,0.001842661206032109,0.0014315107735344125,0.0015139394803671661,0.0004546474658297763,0.0004032980949171878,0.0011408016246859797,2.0768112713926302e-05,0.000504873839821709,2.7743897681783987e-05,0.0011845946482752366,0.45233768459965135,0.22555773186614259,0.0005355939417403877,0.011186713770250585,0.08435464918911313,0.16318318888547356
192,0.5429356479679662,0.7582391102211293,0.0017733734493603761,0.0013801102662497132,0.0014575124327584502,0.00043856558876887494,0.0003882935048633728,0.0011005664159667809,2.0055991083478818e-05,0.0004901334993444346,2.6896228701183498e-05,0.001156846926704094,0.45286155262672284,0.22596576446850203,0.0005366677985449498,0.011228902613334556,0.08443858225140227,0.16342309762011484
193,0.5425675101809141,0.7579500459905595,0.0017065703851029672,0.0013303965193471315,0.00140307167925595,0.0004229950007957885,0.00037381508830982657,0.0010616025024602325,1.936575745328668e-05,0.0004757426713444912,2.6069325683839642e-05,0.001129492118591139,0.4533658912780116,0.22635970983060136,0.0005377063052691818,0.011270015366300264,0.08451935640952625,0.16365437828766322
194,0.5422133659967882,0.7576715613651178,0.001642172098886486,0.0012823252779212233,0.0013505561196743435,0.0004079234364532838,0.0003598468110363297,0.0010238799341980795,1.8696902477639808e-05,0.00046169788312232023,2.526297961091221e-05,0.0011025378247028741,0.4538513886174875,0.22674000273361683,0.000538710474039427,0.011310071544867488,0.0845970851755855,0.16387731503061345
195,0.5418727019881645,0.757403295027898,0.0015801007720867926,0.0012358528298698872,0.0012999056240296488,0.00039333855551842544,0.00034637289704677514,0.0009873685825053469,1.8048918699239296e-05,0.00044799537946852043,2.4476963478316007e-05,0.001075990780869181,0.4543187115394488,0.22710706811568368,0.0005396812970466451,0.011349090728186833,0.08467187835164075,0.1640921843586139
196,0.541545022392689,0.7571448963375912,0.001520280183841255,0.0011909356807834179,0.0012510615913493073,0.00037922813506271677,0.00033337794074482106,0.0009520385080308337,1.742129853052705e-05,0.0004346311159689208,2.3711033900823243e-05,0.001049856883013103,0.45476850581247125,0.22746132080749998,0.0005406197464738425,0.011387092532049765,0.08474384216239511,0.16429925534456244
197,0.5412298481516344,0.7568960248563679,0.0014626358750141084,0.0011475307349622494,0.0012039667541862817,0.00036558003949340513,0.00032084687010144533,0.000917859924372128,1.6813536216849338e-05,0.00042160080089466727,2.2964932943658294e-05,0.001024141241814656,0.4552013971051961,0.22780316582110127,0.0005415267747078819,0.011424096580993671,0.08481307940329587,0.16449878982333765
198,0.5409267165683179,0.756656350232257,0.00140709536773058,0.0011055954941406405,0.0011585650183885273,0.0003523821817962799,0.00030876491879378514,0.0008848031437812324,1.6225129774990116e-05,0.000408899927305112,2.2238389268578688e-05,0.0009988482076839342,0.45561799129380753,0.22813299832896128,0.000542403313918866,0.011460122484074475,0.08487968946320074,0.1646910423364311
199,0.5406351810710508,0.7564255521592501,0.001353588154840204,0.0010650880938539592,0.0011148015330327908,0.00033962255250612514,0.0002971176431848476,0.0008528386464909567,1.5655581636511664e-05,0.0003965237924950951,2.1531119347009432e-05,0.0009739813938366164,0.4560188746212025,0.22845120355131088,0.0005432502757061905,0.011495189810256105,0.08494376837035761,0.1648762601343558
200,0.5403548106706771,0.756203320174165,0.0013020455888942048,0.0010259672881778017,0.0010726228154790296,0.0003272892740671436,0.0002858909492604711,0.0008219371991983449,1.5104398995472881e-05,0.00038446752157911127,2.0842829199513026e-05,0.0009495437180627194,0.4564046141964557,0.2287581567665362,0.0005440685510392382,0.011529318058213524,0.08500540891376526,0.16505468332574463
201,0.5400851896554522,0.755989353634356,0.0012524009331583098,0.000988192552547814,0.001031976803225473,0.00031537063022203595,0.0002750711089615414,0.0007920699356949373,1.457109533070377e-05,0.0003727261021773686,2.017321632794386e-05,0.0009255374390809715,0.4567757581780401,0.22905422309167145,0.0005448590095045623,0.011562526614249275,0.08506470069036458,0.16522654482237256
202,0.5398259147496771,0.7557833596846594,0.0012045889200427984,0.0009517238250928068,0.0009928124760427762,0.0003038549917404302,0.0002646446606140182,0.0007632081743417906,1.4055187418593998e-05,0.0003612943734344511,1.9521969214929778e-05,0.0009019642518275821,0.45713283953233547,0.22933975987360147,0.0005456225046550496,0.011594834825301948,0.08512173071472214,0.16539207190369457
203,0.5395766002480611,0.7555850565833114,0.001158546421433766,0.0009165217705069016,0.0009550803352333301,0.00029273087442648966,0.00025459853292061804,0.000735323551761268,1.3556197648611548e-05,0.00035016698438774884,1.888876473419945e-05,0.0008788250700813581,0.4574763696333192,0.22961511321129374,0.0005463598666499931,0.01162626195423089,0.08517658234102347,0.1655514837661281
204,0.5393368697280644,0.7553941692430344,0.0011142120513183073,0.0008825480080087676,0.0009187319216637384,0.0002819870116037607,0.00024491993346583145,0.0007083882446549887,1.3073657927485728e-05,0.00033933862330056867,1.8273281791239837e-05,0.0008561205106627622,0.45780684751775413,0.229880621345279,0.0005470719080157531,0.011656827013455632,0.08522933687599601,0.16570499441148798
205,0.539106363614847,0.7552104333657063,0.0010715265754338774,0.0008497649491058569,0.0008837202775650091,0.00027161229990503127,0.0002355964570589871,0.0006823747987622273,1.260710666009048e-05,0.00032880381983298,1.7675189542317354e-05,0.0008338504608519329,0.45812475136094016,0.2301366114059128,0.0005477594179533717,0.011686548899922716,0.08528007209792289,0.1658528099350411
206,0.5388847402646785,0.755033596034237,0.001030432969295347,0.0008181357740652987,0.0008500000127468163,0.0002615957914805175,0.0002266161012725237,0.000657256104298614,1.2156088316985361e-05,0.0003185569166815155,1.709414570501645e-05,0.0008120140164130028,0.45843053725646093,0.2303833989483331,0.0005484231615247879,0.011715446414490757,0.08532886204466326,0.16599512813750153
207,0.5386716648982359,0.7548634094822952,0.0009908753858558937,0.0007876244700985013,0.0008175266816331302,0.0002519267542795643,0.0002179671228074541,0.0006330056017746675,1.1720157798341723e-05,0.0003085923398431818,1.652981226792491e-05,0.0007906100983904499,0.45872465205244484,0.2306212931510554,0.0005490638889573471,0.011743538102262885,0.08537577926060116,0.16613214275231322
208,0.5384668104601705,0.7546996315806768,0.0009527992415404912,0.0007581958310855952,0.0007862568309381562,0.00024259466762544782,0.00020963804844891887,0.0006095972666093398,1.1298880095702619e-05,0.0002989045778822237,1.5981854291036795e-05,0.0007696374054181421,0.4590075323496081,0.23085059640622432,0.0005496823349079052,0.011770842264478063,0.08542089462103536,0.16626404311379872
209,0.538269866914634,0.7545420310969949,0.0009161521466301005,0.0007298154545955477,0.0007561485152439211,0.00023358917436037193,0.00020161779354184198,0.0005870054427376852,1.0891826634184155e-05,0.0002894879577165758,1.5449926933059487e-05,0.0007490938979793937,0.4592795936658791,0.23107159988850917,0.0005502792105047116,0.011797377087106162,0.08546427543309508,0.1663910105684505
210,0.5380805353919278,0.7543903844200771,0.0008808832247455874,0.0007024497008412037,0.0007271611406954648,0.0002249001464437877,0.00019389561969623955,0.0005652050192471543,1.0498576681286708e-05,0.00028033679280205497,1.4933684498150226e-05,0.0007289771497269622,0.45954123715364475,0.23128458623455803,0.0005508552081116009,0.011823160536303523,0.0855059866491638,0.16651322073917704
211,0.537898525142233,0.7542444739075141,0.0008469426227324818,0.0006760656096718397,0.00069925562545238,0.0002165177700277987,0.00018646115917972083,0.0005441716255142765,1.0118716795366913e-05,0.00027144547030305647,1.4432786405009768e-05,0.0007092845684696819,0.4597928529437502,0.23148983077834523,0.0005514110034526787,0.01184821027015381,0.085546091523632,0.16663084471008416
212,0.537723558669011,0.7541040906702751,0.0008142823365750933,0.000650631040452555,0.0006723941293050724,0.0002084324020929637,0.00017930437381264355,0.000523881302371505,9.751841755041057e-06,0.0002628083041974925,1.3946887128107838e-05,0.0006900130237784538,0.460034814510382,0.2316875994694346,0.000551947252031924,0.011872543787397247,0.08558465050617502,0.1667440470299493
213,0.5375553695501386,0.7539690333857278,0.0007828559212332516,0.0006261146251628967,0.0006465400905089696,0.00020063462496798735,0.00017241555480889813,0.0005043106254730906,9.397554252148168e-06,0.00025441959565826656,1.3475640391846618e-05,0.0006711590022146663,0.4602674810979614,0.2318781497733628,0.0005524645907056762,0.011896178367432338,0.08562172170028355,0.16685298655458072
214,0.5373936979561598,0.7538391058268915,0.0007526182431039348,0.0006024857440483002,0.0006216578508290544,0.00019311532185563128,0.00016578522062042818,0.00048543686531329113,9.055464765965021e-06,0.00024627374587122083,1.3018707362282533e-05,0.000652718910233325,0.4604912029159369,0.2320617326207816,0.0005529636412224522,0.011919130965005013,0.08565736174155365,0.16695781815019733
215,0.5372382952795788,0.7537141194156479,0.0007235257222805658,0.0005797145479975661,0.0005977130601664825,0.00018586560022805366,0.00015940422637039314,0.00046723782554364214,8.725191673688896e-06,0.00023836513994063028,1.2575748202457924e-05,0.0006346887619380092,0.46070631576517357,0.23223859039041347,0.0005534450065548557,0.011941418318290592,0.08569162489297617,0.16705869093509715
216,0.537088923663748,0.7535938929617658,0.0006955363234554999,0.0005577719658946393,0.000574672618494529,0.0001788767954484908,0.00015326374987887107,0.00044969185180163704,8.40636140159839e-06,0.00023068815916294446,1.2146422894508539e-05,0.000617064210330649,0.46091314158887103,0.23240895711735415,0.0005539092712567268,0.01196305693824162,0.08572456313411794,0.16715574845280434
217,0.536945351968966,0.7534782503728532,0.0006686102335785958,0.000536630235233737,0.0005525033585588403,0.00017214029904933425,0.00014735503419437154,0.0004327775369557234,8.098617607027707e-06,0.0002232373084169011,1.1730396468005715e-05,0.0005998407893077572,0.46111199338689085,0.232573060423948,0.0005543570037371394,0.01198406303423519,0.08575622678441976,0.16724912987321755
218,0.5368073566169886,0.7533670211358549,0.0006427096918117679,0.0005162627735936203,0.0005311723522418377,0.00016564760224276656,0.0001416694466349278,0.0004164737966239476,7.801618961951551e-06,0.00021600718866252402,1.1327337972916823e-05,0.0005830138639515819,0.46130317417957517,0.23273112111006025,0.0005547887558135708,0.012004452529010357,0.0857866643779392,0.1673389697516398
219,0.5366747233079069,0.753260041229434,0.0006177982230931607,0.0004966437627147085,0.0005106479142057602,0.0001593904088767752,0.00013619867120398044,0.0004007600731845149,7.5150317736852e-06,0.0002089924368746859,1.0936918462024351e-05,0.0005665785406047494,0.4614869748710262,0.23288335245770542,0.0005552050623290924,0.01202424109060504,0.08581592248684147,0.16742539768985007
220,0.5365472458136806,0.7531571522163173,0.0005938394903091891,0.00047774782096973305,0.0004909004229963845,0.00015336065426012504,0.00013093486351931598,0.0003856163947610346,7.23852365326673e-06,0.00020218775158867448,1.0558812690771094e-05,0.0005505297746808887,0.46166367562962324,0.2330299612712176,0.0005556064435280533,0.012043444116204465,0.08584404615862214,0.16750853917935268
221,0.53642472636365,0.7530582017093743,0.000570798733570883,0.00045955049071399817,0.0004719010882661319,0.0001475504442085711,0.000125870416461396,0.0003710232405661968,6.971772855770814e-06,0.0001955878939476082,1.0192698416135841e-05,0.0005348623073572112,0.4618335455238274,0.2331711471805713,0.0005559934029530533,0.012062076733260674,0.08587107857722046,0.1675885149504796
222,0.536306974629899,0.7529630427589528,0.0005486408599092277,0.00044202708991146434,0.000453623511306403,0.00014195246986094354,0.00012099823814947999,0.000356962293362116,6.714456163326644e-06,0.00018918763633815546,9.838258965244053e-06,0.000519570759205541,0.46199684361517357,0.23330710320480139,0.000556366430434496,0.012080153787567511,0.08589706160621899,0.16766544217463528
223,0.5361938079886631,0.7528715339866162,0.0005273308617157336,0.0004251530027263421,0.0004360433491156284,0.00013655989081886832,0.000116311693627459,0.0003434162299695186,6.466251517460304e-06,0.00018298177753236792,9.495182545198143e-06,0.0005046496089351868,0.4621538186713958,0.23343801565671593,0.0005567260014203083,0.012097689846685468,0.08592203566258676,0.16773943417461115
224,0.5360850511399864,0.752783539362054,0.0005068352367723407,0.000408904460860008,0.00041913691826398055,0.00013136604859003754,0.0001118043446427189,0.00033036818932405626,6.226847432810005e-06,0.00017696518816278514,9.163161374851982e-06,0.0004900931878677942,0.4623047097754859,0.23356406436044197,0.0005570725760417532,0.0121146992026992,0.08594603952359607,0.1678106000434755
225,0.535980533483992,0.7526989267218169,0.0004871236843930391,0.00039325921212903913,0.00040287908362837314,0.00012636425330629834,0.00010746953385502658,0.0003178013407150046,5.995955045471386e-06,0.0001711328646579099,8.841892955370949e-06,0.0004758957907951278,0.46244974976577125,0.2336854239548277,0.0005574066003602179,0.012131195861751971,0.08596911049908752,0.16787904519938718
226,0.5358800855525743,0.7526175645860694,0.0004681643741491953,0.0003781939913476085,0.00038724631841480825,0.00012154820059431257,0.00010330091155753563,0.00030569955102599614,5.773275418098379e-06,0.0001654797068381058,8.531073748912462e-06,0.00046205164312406014,0.46258916997306426,0.2338022684571703,0.0005577285210735657,0.012147193863829944,0.08599128597281018,0.1679448752853753
227,0.535783567180112,0.752539343440646,0.0004499377894171386,0.00036369357309719064,0.00037221254331168814,0.00011691084350563396,9.929195816904772e-05,0.00029404601794050353,5.558593263769906e-06,0.0001600014151462516,8.230427047734192e-06,0.00044855467777076913,0.46272316279765413,0.23391474428463835,0.000558038711025167,0.01216270574725514,0.0860125955998283,0.16800817546002839
228,0.5356908081322184,0.7524641312599138,0.0004324134517072219,0.0003497358482379846,0.0003577528727040081,0.00011244539836780577,9.543606601251208e-05,0.00028282376170652015,5.351618084470201e-06,0.0001546930110868929,7.93965047497028e-06,0.0004353991875571551,0.46285196059282696,0.2340230260234874,0.0005583376159721416,0.01217774550964216,0.08603307665512666,0.1680690509497643
229,0.535601666508458,0.7523918170464259,0.00041556940654740264,0.00033630436628674605,0.00034384289945908156,0.000108145046666549,9.172701116320126e-05,0.0002720163702053227,5.15211906701823e-06,0.00014955011234158414,7.658465784617524e-06,0.0004225791388234483,0.4629757579743139,0.23412726212060975,0.0005586256152075404,0.012192325798640498,0.08605275956868715,0.16812758876213493
230,0.5355160037349752,0.7523222916627155,0.000399377695803814,0.0003233798954086612,0.00033046450102168463,0.00010400393419944109,8.815978403843591e-05,0.000261609294322165,4.9598292145658805e-06,0.00014456820821718351,7.386597519344663e-06,0.0004100885086110219,0.46309474476862145,0.23422759929950332,0.0005589030888060961,0.01220645919702261,0.08607167526766038,0.16818387653370373
231,0.5354336870442888,0.7522554508466773,0.0003838094326274179,0.00031094107463892543,0.00031760203554004985,0.00010001771285337086,8.472990306861149e-05,0.00025159073507296245,4.77447837673338e-06,0.00013974256615705284,7.123774886848845e-06,0.00039792116951469143,0.46320910292483425,0.23432417782786027,0.0005591704063779154,0.012220158067225277,0.08608985377335253,0.16823800002620679
232,0.535354586815918,0.7521911929003727,0.0003688408485005155,0.0002989699187629813,0.00030523629301792,9.618111966202316e-05,8.14322501731087e-05,0.0002419473427330759,4.5958291577095535e-06,0.0001350687636216201,6.869732517048337e-06,0.0003860710290233931,0.4633190103068228,0.2344171344440131,0.0005594279238936216,0.012233434481810931,0.08610732357209037,0.16829004094625255
233,0.5352785776437456,0.7521294192341584,0.00035445061647614186,0.0002874504331667939,0.00029334715622934517,9.24884441826572e-05,7.826158206382094e-05,0.00023266509310876935,4.423660756716596e-06,0.0001305426015595052,6.624210670407082e-06,0.00037453201752196214,0.463424639144953,0.23450660194504278,0.0005596759851055856,0.01224630023125896,0.08612411191410725,0.1683400775194794
234,0.5352055393052837,0.7520700350974207,0.0003406172405321028,0.0002763666263945737,0.00028191617192098727,8.893434564498853e-05,7.521302436898484e-05,0.00022373075524649038,4.257753329560495e-06,0.00012615993176220763,6.386955223194806e-06,0.0003632980549876725,0.463526154626236,0.23459270834365994,0.0005599149231062167,0.012258766844883317,0.08614024511836894,0.1683881853484987
235,0.535135356681639,0.7520129496208029,0.0003273191269472861,0.0002657023411523007,0.0002709264710271057,8.551396134290127e-05,7.228205629854987e-05,0.00021513207471443027,4.097888512544099e-06,0.00012191663354887211,6.157717822789859e-06,0.0003523630533517777,0.463623714997463,0.23467557672681622,0.0005601450602903724,0.012270845588270454,0.08615574857418135,0.16843443749943873
236,0.5350679188606642,0.7519580751696703,0.00031453586523238363,0.0002554421974098018,0.00026036139301406484,8.222249915732353e-05,6.946424224838827e-05,0.00020685703181085453,3.9438570677106995e-06,0.00011780869440952876,5.936255743890317e-06,0.0003417209445137669,0.4637174728176995,0.23475532599840906,0.0005603667083305899,0.012282547464619264,0.08617064666986161,0.16847890429948165
237,0.5350031190797777,0.7519053272734012,0.0003022480411725907,0.0002455715383207129,0.00025020463731385167,7.905523884604457e-05,6.6755259875323e-05,0.00019889384661213988,3.795457771882718e-06,0.00011383221064152314,5.722331915669013e-06,0.0003313656872592723,0.46380757502369496,0.23483207098873068,0.0005605801684787007,0.012293883216188359,0.08618496283807756,0.1685216534220551
238,0.5349408546770023,0.7518546245920944,0.00029043678623633416,0.00023607609599921088,0.0002404406469599233,7.60076543302519e-05,6.415097208539754e-05,0.0001912311949734597,3.6524946753172304e-06,0.00010998335866445636,5.515714821923986e-06,0.0003212912677683653,0.46389416297599306,0.23490592250205797,0.0005607857322263655,0.012304863334111817,0.08619871964862114,0.1685627501377324
239,0.5348810269312221,0.7518058888166517,0.00027908389819306247,0.00022694206622435992,0.00023105446296878168,7.307538314103108e-05,6.164739825862183e-05,0.0001838581518255524,3.514777896172193e-06,0.00010625840329835405,5.316178655644311e-06,0.0003114917120117095,0.4639773726714619,0.23497698741291903,0.0005609836813443786,0.012315498053928155,0.08621193881567459,0.1686022573314451
240,0.534823540904225,0.7517590445271443,0.0002681717233721002,0.00021815603526766005,0.0002220317727722455,7.025423063839569e-05,5.924072121115128e-05,0.00017676419252351207,3.382122695616267e-06,0.00010265368603105875,5.12350275173794e-06,0.0003019610716584344,0.4640573349644351,0.23504536887838914,0.0005611742885376139,0.012325797378347351,0.086224641249011,0.16864023564912928
241,0.5347683056263373,0.7517140193593647,0.0002576832903701457,0.00020970507144579793,0.00021335886057162825,6.75401630045642e-05,5.692728036674699e-05,0.00016993918845173255,3.2543505450683185e-06,9.916564098759077e-05,4.937472354234462e-06,0.0002926934455727222,0.4641341753028154,0.23511116608443483,0.0005613578166401143,0.01233577104673793,0.08623684699468866,0.1686767433215198
242,0.5347152329080614,0.7516707431309632,0.0002476022831158417,0.0002015767010392079,0.0002050222935113084,6.492923376325391e-05,5.470350020223013e-05,0.00016337324849053728,3.131288620073975e-06,9.579078747635778e-05,4.757877702545515e-06,0.0002836829993161896,0.4642080153278145,0.23517447531669083,0.0005615345209726582,0.012345428582260263,0.08624857546074727,0.1687118367771691
243,0.5346642396319421,0.7516291495390746,0.0002379131473602829,0.00019375899109468027,0.00019700948479620025,6.241771775742075e-05,5.256602055879399e-05,0.00015705701246820304,3.012771191929914e-06,9.252575033088683e-05,4.58451604122396e-06,0.00027492393717227213,0.46427896978349176,0.23523538786032477,0.0005617046446183498,0.012354779191776969,0.08625984497180234,0.16874556942696428
