beta1,beta2,gammaH,gammaU,delta,h,ia0,e0
0.9688134384536451,0.5896082579500784,0.12930111765395766,0.13702608466495914,0.6722820880186253,0.29614210177233863,2.830676101236429e-07,1.920724814224818e-07
1.0071853687342727,0.5364170730097448,0.11799418426098005,0.12425258700380572,0.7843413111241976,0.27046801137558885,1.488363223159338e-07,4.7637142174097674e-07
1.2299810958305242,0.6942237705304394,0.12627459705427294,0.15307273822863712,0.5280627822126898,0.2729146397399001,4.787811055458178e-07,3.0179431912421717e-07
0.8837954348429011,0.5145347728860434,0.0862271866616534,0.15599813047540526,0.7849111346556744,0.31782907708856206,3.353460225266953e-07,1.040294386778965e-07
1.306843884554732,0.7063811116151315,0.15180436840568634,0.19155471934727586,0.5330862932333571,0.3198314727708767,4.379823599407885e-07,2.144804287409431e-07
1.0454219364265318,0.5726524196801595,0.13209518837980935,0.17156953955952042,0.7181239080450127,0.27499932825203316,2.303817051059732e-07,3.4059011884821446e-07
0.9731974390214227,0.5636551803688972,0.18300972013189007,0.142951676984672,0.7417088349800129,0.276577842193798,3.8659177610361633e-07,4.175861368766418e-07
0.9392038333568116,0.5095417166695974,0.09574400883993028,0.18818794665693248,0.8582788379159232,0.2659197731853375,9.006955363708993e-08,2.0864596744263392e-07
0.8417365203334385,0.500064945248677,0.15557148090816353,0.16711309763010157,0.8547438923662187,0.3216998629138163,4.4222073727460297e-07,3.548285572443305e-07
0.8890737313434329,0.49333217480493907,0.1439295572179753,0.13754418431952772,0.8302676464144683,0.27210191519413635,5.62160386811971e-07,1.9331416278573882e-07
0.8605033973448684,0.4999524497645641,0.12532399350042886,0.13221508001762547,0.8164430249937514,0.2920377193403987,3.478652597004528e-07,4.432276986349638e-07
0.817003626842484,0.5028235381283045,0.16023382854283455,0.16530129670321977,0.8322085761842141,0.2417525274740322,3.595983944857961e-07,3.9539359705513403e-07
0.8482363040482981,0.5293032332616712,0.16725171664663677,0.17508755997571782,0.7474072577002537,0.2452241740021874,2.6665171615962696e-07,3.986549102445545e-07
1.040826121581189,0.6330394641579516,0.14048396042398764,0.1789808277623383,0.6273412209020403,0.2981697019785594,4.819079568278098e-07,2.833084143651337e-07
1.0542738005186147,0.6035924536799587,0.10933895272635456,0.1754870740768844,0.6893767171959919,0.3202415086205702,5.982621356036198e-07,2.893309804303752e-07
0.8837483082548576,0.6085944538645314,0.11523882915169928,0.12409721853256536,0.6438863531964204,0.33887390434653863,3.015721341760862e-07,5.045972404007826e-07
1.028240753170015,0.6912178448564098,0.09254589065524937,0.14677280860238626,0.5411043807370568,0.31663401591936413,3.279264888139434e-07,3.467642802856581e-07
1.2063098211647574,0.7768786044686611,0.10855789789126989,0.11950161626296293,0.441312988139513,0.32806634820634667,4.0360698490539904e-07,3.86971042796207e-07
1.17971991135615,0.6818802473561396,0.12150126123176135,0.09359152622579332,0.5656716882408858,0.32313060626807677,4.353788154042161e-07,3.377585786930528e-07
1.0606139721424153,0.6840594872783122,0.14631245370434776,0.18378478977912147,0.5520635498154186,0.23172061774528652,7.345257196320936e-08,5.291941195904667e-07
0.8935192241929459,0.519004454460155,0.13251711363653826,0.15378941343231559,0.8399872132382505,0.24353954609041306,5.767659036017502e-07,2.1464561109100638e-07
1.3255389888394964,0.6507521001593108,0.1800534342532228,0.15962622378284952,0.5778256033732007,0.2702567948770925,4.2307471091823674e-07,1.474563493938975e-07
0.995119779207547,0.5597841420097021,0.12903634256191526,0.13728061127149227,0.7068565408753922,0.25925274597998454,6.993992395802268e-08,4.162869466900266e-07
1.2349354260327294,0.6937422188601852,0.13117427177487317,0.1893237252402198,0.5416171724214934,0.262558337134734,3.531424414784266e-07,2.3669214315527657e-07
1.1031849940436456,0.7063346201528401,0.14073013697514336,0.170083708665984,0.5390010554420183,0.3486775860654149,4.784366725235278e-07,4.2517439149657125e-07
1.0722443452052577,0.6487145394228218,0.10217254618835346,0.14891460969653836,0.5808498258453455,0.2962330154343366,5.040758842410124e-07,1.8293075821858514e-07
0.9135113087407326,0.6021554778074016,0.12357582667319554,0.19023136395457396,0.6486458230049059,0.25649350412763877,5.894789242589126e-07,2.695301430743946e-07
1.0810736305916908,0.6447931077889767,0.143412538071146,0.1299359017946876,0.5836410018587627,0.30335695814917113,2.5546066069492076e-07,1.7641413198623707e-07
1.109558624271933,0.7241450283034894,0.11945483393556314,0.19918555243524017,0.4485643317804031,0.3049469296578854,2.660438006176088e-07,6.715430141634744e-07
0.8835426191583633,0.5952093224936275,0.194704177577262,0.19739386916184282,0.6725857820944657,0.27413806278888564,5.388767897070305e-07,5.516304174963909e-07
0.9743160569096112,0.5982530931136434,0.07701110794824792,0.17648566530381174,0.6811810310420404,0.29820999849802843,2.774888867271475e-07,4.0116566549423667e-07
1.1355822884046394,0.536676441505022,0.19797749601413878,0.15820388247620787,0.7904694454869166,0.3230026730994737,5.301398532108611e-07,1.846384112251405e-07
1.1609534188648312,0.6844724510609329,0.12143799957480896,0.16046993524695596,0.5697291455225418,0.2759957521190258,2.423947675675591e-07,1.801213074008643e-07
0.8733629750928233,0.5328507976902644,0.17354769990911814,0.1308273563059005,0.8066553914082761,0.26033329320473514,3.7952999991611675e-07,5.46737197141456e-07
0.8280129906719267,0.5509266616515222,0.07832285161581541,0.15060889013446527,0.698204202968342,0.30929950225770647,5.027727604737658e-07,6.010069181925706e-07
0.910736449646003,0.5216542032875949,0.0878353946368337,0.1091156659574207,0.7619951811965381,0.32069038571573055,2.95268925315243e-07,2.597546334723591e-07
0.9764965389424488,0.6234886384969932,0.12792260547210568,0.11509028265389996,0.6391110843054912,0.2624422502176655,1.6460007364237616e-07,3.731508149785407e-07
1.1527472253628506,0.6875081031346439,0.09439212391422973,0.15414691307985398,0.5593089101681131,0.29058469180802604,7.542221507850509e-08,4.760690501390763e-07
0.8645447837290705,0.5306463223924992,0.10939424701996459,0.17545038168886604,0.7577181513790713,0.3288819738068637,5.3499365736762064e-08,5.8093592910237e-07
1.2129701846442527,0.734635056836249,0.12371215273580205,0.14766147804803356,0.4429220282785017,0.29996243210950657,1.526668488493464e-07,4.422373992023996e-07
1.1758101546490527,0.7486089982452852,0.14451700859757283,0.1626084620110709,0.47219240689374237,0.285551539028488,6.596230084266804e-07,5.145700649962953e-07
1.0000757513265919,0.6086151541061503,0.13799741753730324,0.12289149213127268,0.6308747266664915,0.28613153921635776,3.3663838100009696e-07,3.230103746749282e-07
0.9828704811018377,0.5438353145127945,0.16806861976757514,0.17258568924585913,0.7457467439461007,0.24939924536298635,3.082254573175896e-07,5.065368710695864e-07
1.1147578579887703,0.6147728110631825,0.12199402187754174,0.15341252282806242,0.6506048583078546,0.28755552776213633,5.370901423491304e-08,3.7122486259167096e-07
1.064020049380925,0.6928033187368815,0.17294293440764985,0.14581346428049452,0.510401950664495,0.27052379722199665,2.641844272579808e-07,1.6612171625113035e-07
1.1064687721076716,0.6335026073290444,0.1250184558476499,0.1071760638392515,0.625738533955986,0.3454992472689311,3.6045418522950555e-07,1.7861736930850688e-07
0.88664876264389,0.5494757373295127,0.14966782008493387,0.14686186705884877,0.7201877045132107,0.2729923684601164,6.197534886179347e-07,2.860041925967461e-07
1.3107257103717516,0.5796540229928551,0.106105758199956,0.11645194924612733,0.7417008141701081,0.3482903723738064,6.196406163548131e-08,6.07351637381293e-07
1.0701613439543207,0.6854208689920044,0.1670801265543815,0.13428911432502882,0.5567244010851842,0.25265187573139647,6.391137353521255e-07,2.917361820851949e-07
0.9703601043394884,0.542278613625019,0.1261866454192148,0.1504885593893321,0.7272733914467748,0.2598153170819029,2.7871074380894424e-07,3.8029095937978576e-07
1.098566842314734,0.6397557044275055,0.18056190182953505,0.11606105521761491,0.6160263437018787,0.2935710944695068,2.470563731679693e-07,1.9962233899141077e-07
1.2093394772884158,0.676921669160693,0.13697485689039007,0.19939383214033496,0.5574004360923125,0.23459236074872458,8.336164288298092e-08,4.855136691793359e-07
1.0538147493104566,0.6972205102777895,0.1398923030143633,0.09226525764107273,0.5116800178867011,0.33067002785425126,6.474446752949499e-07,3.034474430029294e-07
0.8879036611064404,0.5766478506412915,0.1492525515230705,0.19086899542496252,0.6786508116429835,0.27942024673032884,5.082948488808899e-07,6.506211161654403e-07
1.040743213608458,0.681240128692126,0.14460874559487816,0.14968171245747397,0.5558015768495114,0.27760312112378577,3.475555411518197e-07,6.620315459097038e-07
0.8845414850988844,0.5559631751708475,0.15078567385495364,0.16593131627025223,0.7174260142491323,0.3018849651214448,2.036418802144386e-08,9.821974342940495e-08
1.1229643287732858,0.7048901379276714,0.17731682682868743,0.16702511054736957,0.5239368254122568,0.24880115946349343,3.622436328819669e-07,4.380136972443632e-07
1.24039071890951,0.6810786011501905,0.19850492328477035,0.08643046951288043,0.5653469420977923,0.33820370580146775,2.812291392694076e-07,1.7725581543567394e-07
1.1067203704972435,0.6106777999713854,0.12003763166388791,0.11405588148671056,0.6469862635065552,0.3057548255147207,8.046762896633938e-08,6.676125456397007e-08
1.0813162591372487,0.6880025533096525,0.1660198481762235,0.13117181740782496,0.5229490675516688,0.29999727417345584,1.739380178940842e-07,4.388659940948511e-07
1.0334387611071203,0.6147074506586679,0.10421991492994173,0.14700320735897734,0.6466456723144075,0.3286365033524706,3.1881146257794116e-07,5.172285936488733e-07
1.1810245364394492,0.7430664095481778,0.1620123288336095,0.15809606391286327,0.4840483638496365,0.288546321107497,4.854813570386705e-07,1.1640950575155689e-07
0.8673776659753328,0.5008407005797202,0.10414878051470398,0.11493691921865347,0.8119816100164148,0.29739399740843964,4.2350304547057697e-07,8.558928878171355e-08
0.9593264856512111,0.537861844273998,0.1736963072217482,0.14846555467009218,0.8071464744714713,0.26680587261116495,2.1582311253281252e-07,2.7843710955613896e-07
0.9199566066718863,0.577346989937545,0.16944003423562887,0.14422835229014058,0.7031144443196489,0.3028650443441369,4.5267670906791396e-07,1.2073859259450911e-07
0.7973167127253985,0.5242254329751722,0.17957765672969006,0.17301379274015474,0.7879910125911234,0.2641498442561254,4.557418261418264e-07,4.839840539597113e-07
1.1679141472352998,0.7301288271453189,0.14542563620395849,0.18116361421465454,0.500560551232962,0.2506641946601725,4.2737598087496575e-07,2.65745052231595e-07
1.2322333079670806,0.8043927910355395,0.18576496181887292,0.18566273196528368,0.42025491976941587,0.250252724298863,2.851456676794902e-07,4.6751846611137243e-07
0.8710343747718703,0.5052301507576393,0.1892049169314901,0.10006706473918228,0.8436976223062358,0.32818572297356785,6.562489145406865e-07,6.311815450357458e-07
1.157824512791832,0.7542428233520749,0.18971245027240294,0.15733493041826363,0.4896150271949755,0.2972243476971467,3.289876017926196e-07,2.2333523060576919e-07
1.0424733445227492,0.5711868248691726,0.16897029208706565,0.12192288913955526,0.6785718406004065,0.2859559558900502,3.772733929716375e-07,3.80384358335331e-07
0.9209872500646455,0.5497553603826358,0.13923831325611455,0.15435432093075238,0.8082768622180835,0.3202612699469644,1.3509675053754093e-07,4.297984898914664e-07
1.1609564204393645,0.7669905229482786,0.10143494696784269,0.17674568611667185,0.4431863208212437,0.30457482600839997,4.46831140389888e-07,6.370074017679216e-07
1.0906833232029651,0.6398166021586701,0.14518591747618184,0.15149804110779141,0.6032210092619908,0.29372685778543633,1.8141589187788532e-07,4.829901754975593e-07
0.9322773258012457,0.5462734491641381,0.11936711723209345,0.08807092098076971,0.7631845054670077,0.34906455901883526,3.3512965427280726e-07,4.3537864775365904e-07
1.1467107219418367,0.6818588716532293,0.15698632586327432,0.18642136112343488,0.5435958598744995,0.24576479219057643,5.266533680440489e-07,2.4551646526150785e-07
1.1413944897738046,0.642087096192721,0.12900869625760575,0.12918842849313292,0.6021131963624792,0.326004990037551,4.322892114922649e-07,5.915235978632198e-07
0.902196700624466,0.5932990466305267,0.11100581000469945,0.17574279799041795,0.654295695939192,0.25827153757766613,2.8969478450043245e-07,4.586025681770876e-07
1.0561558431349836,0.5835402899093347,0.13848517963673776,0.16976159233014568,0.6776742664511296,0.2321643974253333,5.523885524642885e-08,1.7308736165367267e-07
0.9979433405294685,0.6280863496729286,0.13944794702552885,0.15612858172147995,0.6689642948781973,0.3220594732622512,2.5558443646138124e-07,3.261407604883473e-07
0.9967130787658013,0.5352813683835906,0.16887189554634796,0.12741015141476153,0.7843321113370404,0.2854532279372973,3.008401349378311e-08,5.869141022356939e-07
1.1810139314247994,0.6327050114386538,0.1769004947456868,0.1165706794203529,0.6529793336879208,0.2553228207505353,4.2400741955980593e-07,5.482911397051596e-07
1.1638147831886039,0.7434380096461667,0.14935021873250617,0.13047546497489626,0.4504435876216577,0.30255097486480703,3.17719230256921e-07,5.613895397902194e-07
1.0998343407360176,0.6037108847020579,0.14573812690925084,0.1543819738261645,0.6782802605304021,0.2863933543455879,3.706804053075713e-08,4.301542704035873e-07
1.3212470686482578,0.750796866309241,0.1690148698180337,0.16206047352231281,0.46359622078788654,0.2886434558479302,4.065940951694243e-07,2.40758398370261e-07
1.1104823668405415,0.6928163617819514,0.1667610451609279,0.13687772895557546,0.5394570753374343,0.29363667501891516,5.921747800429459e-07,1.560852875732508e-07
1.1495508431051071,0.7129123005860603,0.08758588051799857,0.13631296496721867,0.46149913796658665,0.28507541854423696,1.3256432709238058e-07,3.561602308746295e-07
0.9107987982082812,0.5166407161487976,0.12746001849286653,0.15718216773543794,0.7766336971142714,0.3173040809058463,2.662783649328917e-07,4.979162425725352e-07
1.3037053736022752,0.7283107293143888,0.10001404129332739,0.1449769843287042,0.4809990563058019,0.2794762660634339,6.389944195093754e-07,2.307243475924541e-07
1.1992859035248877,0.8168013969225855,0.1490591544305571,0.1993428534030712,0.41356437303426374,0.23355450974088704,3.9633517188664944e-07,4.252311223677961e-07
0.9471073347570924,0.6133980031069087,0.13610014219356328,0.13580840746911602,0.6226312133503308,0.30075743287094453,6.00127630057035e-07,4.915523672352098e-07
1.1593977977688492,0.633438884934353,0.12616292558239672,0.11972910197249684,0.6192910564033703,0.29235700591567,4.599873823014048e-09,7.899656830125399e-08
1.248047587754709,0.6420040180729815,0.14334677431756748,0.1343857177361605,0.6210389061376159,0.2833814590788191,4.3450223641435284e-08,4.269061257298366e-07
0.9438611134492678,0.6158994128092175,0.14513644001399328,0.16943780658008695,0.6080398403540991,0.2896610002788663,3.698732701244294e-07,3.5384002146715256e-07
1.2434031867864044,0.7741229930690384,0.11483066652409434,0.10870572263182039,0.43844506339467687,0.30216567212109985,4.244254822565123e-07,3.8186333645911556e-07
1.0601114837878063,0.7027455082202556,0.13886793983709048,0.17472078174733038,0.516012494738388,0.2712289513267343,1.650662924540316e-07,6.662649612557019e-07
0.929135502270609,0.6406914379558176,0.09412126463263235,0.13266093175622565,0.6032409476367976,0.30309109308367777,3.2375937685581964e-07,1.908562793037708e-07
1.32321630940611,0.705747434329549,0.1546096814526173,0.15050882635075086,0.5241335982432127,0.26701443654252416,8.939769066785015e-08,5.191579012505475e-07
1.1599954192118787,0.6559228264362877,0.18412788351794004,0.1458081860604724,0.5847746699857431,0.24876505556969605,3.126470044972076e-07,4.2521833353192397e-07
0.8933862689477048,0.5582838250612204,0.16932213066496832,0.1683557824188215,0.6956325496931932,0.28457868588069274,2.486520194776881e-07,3.2446308210420786e-07
1.126360504126491,0.7525131216805209,0.14788742232731525,0.10320716102092825,0.4824853434625192,0.30299765985502386,5.493308605100448e-07,3.5712607934538106e-07
1.1517797632837532,0.6444166830774255,0.1563265913739546,0.09002532760805654,0.5731335883873663,0.3019796442138143,1.5705023950797933e-07,3.428985744359965e-07
1.0866076054727583,0.6029052947808656,0.14055092093885388,0.18167505550962737,0.6833845747283016,0.2614511987639081,2.462598694362311e-07,1.6477854040218156e-07
0.9248630771786843,0.5364893521961197,0.15272764345471765,0.13635679855659352,0.7858949133571178,0.27975016679464415,1.4720070966058617e-07,4.109092674739772e-07
0.8749262974645594,0.5468621133717129,0.13987705559075578,0.16070514816166628,0.7650115946830016,0.2746831809101709,2.322462998559671e-07,3.2425845207484295e-07
1.0469996268171622,0.6908862833215319,0.16147577668284774,0.0772770240712766,0.5495879088731269,0.2909113760838898,6.407742612404529e-07,1.5267888803254693e-07
1.1263351756335394,0.6992008705149699,0.13095500362697585,0.16496986586900583,0.5215704798570802,0.2626496110652539,2.557757230327359e-07,3.318704652719737e-07
1.1186427210654537,0.6542080769954894,0.14905030512551878,0.16467687811019405,0.593375945447535,0.30520916913195734,4.872891033568091e-07,6.003195697081569e-07
1.0187183246857348,0.6086414059207822,0.10671940873006364,0.1363480023465396,0.6537870355746324,0.30522272559477875,5.508773283970942e-07,3.5809057935794075e-07
1.1181047808655937,0.7754044617261956,0.18903427765311176,0.12915760575824128,0.47873290076242714,0.2870916971701558,4.251637661729171e-07,1.9896521758698944e-07
0.9346521113650582,0.5438372075085218,0.16321965384873632,0.11086614466545684,0.8045248451370463,0.3088307533139479,5.431179116699143e-07,1.7636550807043277e-07
0.9528840471828046,0.5547980691287902,0.10176317659502124,0.13869910712327668,0.7866831413069405,0.3155322340314318,1.804555672320347e-07,1.7343390809878e-07
1.0509992516463709,0.6274379236805899,0.15625484312729349,0.16618919611719943,0.6446394675204249,0.2664317606907842,3.7447990730095815e-07,4.989284106276842e-07
0.9444197560959039,0.5600644080712146,0.13527859296310044,0.1606747622486336,0.7378373963204233,0.30849465118134156,3.0498073118460906e-07,3.873387138465063e-07
0.8104505765627099,0.5475997391297895,0.13100067503883164,0.14915451599908758,0.7492450442010133,0.2624594880132031,4.934708599284037e-07,6.534775476810517e-07
0.9526276365439895,0.5204838786851237,0.12774975206444653,0.1788417312595169,0.7929112795089392,0.28097268772478107,2.535231509455915e-07,1.659333058624142e-07
1.1298908367885028,0.6439838438161994,0.17046542944777104,0.1551565787728331,0.5909942850720787,0.2414964876926462,4.4070930896757205e-07,4.6720055576448107e-07
1.0686744327036939,0.6607386572269498,0.15103767883264113,0.14273456229715278,0.6054555378181348,0.28902511729458463,1.6659842311816397e-07,9.124165613234444e-08
0.8485984713179676,0.5350730391332152,0.15256555627178206,0.11964867867729086,0.7942723188745779,0.339951657207939,2.156306654375468e-07,5.89158749539088e-07
1.0758153305530196,0.6208739666730352,0.1709633829801416,0.1086713360317055,0.6021315887006565,0.27157595720747246,6.637111729240814e-07,1.471271691592042e-07
0.9672689728626234,0.5250018171297905,0.1097999489316683,0.15108867191105213,0.8181844370756626,0.33094621294665655,6.430892933798908e-07,4.72324409987105e-08
1.0578003455264386,0.6819880379876984,0.11271381463835475,0.181552456794355,0.5477338868913426,0.2585608860982507,3.9494784407097886e-07,4.466329236729445e-07
0.9535668257223574,0.6040198397420398,0.19139880678713722,0.16266068264653186,0.6210535539908365,0.2283813802016097,6.575531914013718e-07,4.3799433390309897e-07
1.3463307382529932,0.8380991600775657,0.14513696087694883,0.09105399943726385,0.38998980332493516,0.29207728456574444,5.542061697054715e-07,2.1990343167202372e-08
0.955658266381453,0.5817830524231415,0.18858631308894397,0.14742366153861092,0.727785732824004,0.29199865745272335,4.1298595269969366e-07,4.69166286979309e-08
0.7823239091411189,0.5280329656523542,0.17468422719109236,0.1556037999790857,0.8241481950988336,0.305427360904857,5.103865909272909e-07,4.5222651967074855e-07
1.1655349264490278,0.7246663375296407,0.11360749522328295,0.14661640772263868,0.5142888979129608,0.3005475529583917,2.6647981365996683e-07,1.7713383624953812e-07
1.0601239485792784,0.6984375667104418,0.1952211684927906,0.14008106002769385,0.5202557134279092,0.296067422138538,5.669666834656985e-07,2.887352118878822e-07
1.3037430635472,0.9023495137811384,0.15888956500078358,0.15607271104771078,0.3328076507186548,0.2588621056099863,4.537879020457085e-07,4.851722940796771e-07
0.9812290654594462,0.5892502076590943,0.14446915406065947,0.11875230473030488,0.6697931314864051,0.3195271663956765,1.6892126105327567e-07,2.595259956931387e-07
1.0351586725953719,0.6741388436969191,0.12066973531309914,0.1604972912158968,0.5420866289759056,0.28545386505534737,5.555061544245809e-07,3.232606928870979e-07
1.0809235830200274,0.5876383505869076,0.10586433817627383,0.17810109777152514,0.6842384333703636,0.32707107595045365,2.505354194593394e-07,3.036453465123159e-07
1.2557119481177492,0.8614889209441073,0.1774424125879435,0.1960845100674967,0.37739571807815836,0.24227359401759851,2.0843718747801022e-07,4.4076417535559675e-07
1.1199482104961833,0.6605795571918831,0.16616668231709839,0.13266610518195157,0.5901355775251075,0.2581777219816522,2.960469280996763e-07,6.117583465662283e-07
1.0986095783471452,0.7044590250192121,0.1656721284521177,0.11478863821560589,0.5427319450905305,0.3101958822258289,4.877690475861853e-07,1.5801950493326446e-07
1.1048348552314182,0.6384485200200924,0.1520616318005349,0.18563890832484858,0.634896948429753,0.2935124919956356,4.253298962568392e-07,3.9152289494480915e-08
1.1586540181421592,0.5855088800379986,0.12754091146280028,0.1406804616677208,0.6512018845026485,0.26573710201609796,2.7135411206285476e-07,6.938813608262981e-08
1.0666606837629715,0.7013856272371679,0.14155636715514147,0.13793846006697932,0.5436466217897752,0.29526644337017977,5.367562009989752e-07,4.879539997287708e-07
0.904699097668515,0.5185292337948586,0.11256719831020404,0.15265307586856888,0.8219596478960423,0.3169779426399931,6.287362673971974e-07,5.200157263466665e-07
0.9177094448656676,0.5759389086476924,0.13419415969403123,0.14887878426581957,0.7004046911628634,0.2864902511033046,1.0861203067226167e-07,3.4813180552215014e-07
0.9319064333100792,0.53952535879214,0.116023214003459,0.1548347856638421,0.7557001351905498,0.304605144527142,5.331553225418988e-07,6.201093751302781e-08
1.0621101563468427,0.6024065826900361,0.12732555757396566,0.12023439464096033,0.6621800073970563,0.32251019082139654,2.3618056265119124e-07,7.412490518175642e-08
0.8807508428575264,0.5039423062655937,0.18890892240644114,0.17078772915157575,0.8389226582897213,0.24747060872231474,2.811006284600173e-07,3.149964355166979e-07
0.9949183444605241,0.6200239470469948,0.1669631337249218,0.10463925057524644,0.6299719800040494,0.3126777543597524,5.033892742647274e-07,1.736315439994905e-07
1.3080948995790251,0.7524690019294717,0.1394536093203359,0.120849384356545,0.4540851950453376,0.3105169207744116,4.5181184278468474e-07,1.836607767349301e-07
0.766661559039608,0.47309465985928245,0.13378452305008418,0.1350557446931577,0.9375057445436045,0.3451729555035425,4.793358678873206e-07,5.292886221874767e-07
1.155900723791324,0.561328697254619,0.0938125377591984,0.1586371083040527,0.7343433912703209,0.28355396627674306,3.0680925654132974e-08,2.736949421756053e-07
1.0011978672230066,0.6079429466416234,0.13845154148317806,0.13334659535459512,0.6424456522677616,0.3385312553689462,6.490126787623934e-07,3.244957517532403e-07
1.473122042195624,0.8981056672021557,0.15120832042020535,0.11693400115044233,0.3551565477508354,0.3080677502611224,3.503823786981166e-07,4.288533212140882e-07
0.9481320385559147,0.5729713561605694,0.14666257213890949,0.1623642866590304,0.6932021790765329,0.2550286051448674,2.968503260571547e-07,4.417357391291857e-07
0.9317289652217388,0.5957891072376985,0.09916977693471046,0.13366713202464925,0.6614223079428186,0.3123540397956018,5.675366732580776e-07,2.901395046020485e-07
1.1211980956461396,0.7247240176859813,0.1168045637276223,0.09447404970750502,0.5290360533515786,0.32488540816827244,3.4326575204846026e-07,4.5826491819304657e-07
1.0489823196632362,0.6493600999479319,0.15379560525831676,0.1495756849766464,0.5292690170090386,0.29412098712748475,4.883852797748266e-07,4.1168839759994895e-07
1.0671224414070504,0.5942253706066388,0.11774519158164021,0.17752089685399217,0.6649904032602643,0.3014335810997185,4.072640515247794e-07,1.810103403450127e-08
1.0698188563650703,0.5733871796500547,0.16527718221002582,0.1521062023804324,0.7402620385254657,0.25421955620789144,3.5392010474783595e-07,2.595298512065514e-07
1.0526489424123857,0.7032078565073678,0.14296660791075488,0.1774946806065113,0.5486011585607137,0.2984844442747189,1.9133668650148894e-07,5.659083122018197e-07
1.0496322225607273,0.6495499198008742,0.1293839252046502,0.13459878475150447,0.5537994420416096,0.2929396924619011,1.72036988391705e-07,4.6025140947856476e-07
1.0846482924569871,0.5967247437996555,0.14932403001892017,0.13112812103374627,0.6995008274144752,0.2876870854783211,3.0671770272398745e-07,5.691777778706605e-07
1.1139391482802883,0.6082078071134527,0.140733224059312,0.1031077495199689,0.6553346418259827,0.3001956318231172,4.6629598951028107e-07,2.0344193115364986e-07
1.0736284320301346,0.573754321013129,0.14407096266108813,0.12853810990934794,0.6810979885986866,0.22857928850785697,6.168713039434851e-08,5.395695482442353e-07
0.9350745125990894,0.5781762598798966,0.15732717474675395,0.1490394597095646,0.6870537889628135,0.27655915756254545,1.5978742356406333e-07,4.79246878534201e-07
0.7369114299174392,0.46433012369299487,0.14924991410687274,0.11608939443809083,0.9349800715784782,0.2708691770521719,4.958568075726051e-07,3.722151859063348e-07
1.115320388446193,0.8124072140786364,0.1546863279441585,0.14606242808903638,0.412095068185002,0.28397713167619504,4.5210830181354107e-07,3.6104202946275073e-07
0.91410823706762,0.5583848374731906,0.13910238283135687,0.12449815507167591,0.6971020581094458,0.30478454359874185,4.576343032810037e-07,2.899169665689372e-07
1.06531988298625,0.6844267072780728,0.11451257879741711,0.171755905411475,0.5573847654798043,0.26340704000202003,4.0336448232501923e-07,3.4312996483423174e-07
1.1328992916308618,0.5982582009024606,0.10794392756246118,0.11665318089847697,0.6948005339510472,0.2997720217255495,2.1924807773693705e-07,2.3573616980517474e-07
1.0517089289194044,0.6427610441995556,0.12900422435047665,0.19256198590404192,0.5907120278105387,0.29857554798197,2.403331102770149e-07,1.3226863197796697e-07
1.0790447291334047,0.6999814941005654,0.09727773410979024,0.12074210557295331,0.5265309350304356,0.3122218071297909,1.9567145810455436e-07,5.50153533982472e-07
1.0671902158052622,0.5725897928136751,0.15458365160248588,0.1857519864170517,0.7143637476069019,0.2721992258028384,4.5423321795630563e-07,3.9086749974551895e-07
0.8926722690308654,0.6041977119122313,0.1602347829588409,0.14002979221417242,0.6769962874112506,0.27718685230875634,4.806225103984153e-07,1.9019321981656228e-07
1.2035240053441267,0.558255025653104,0.13118215446923867,0.14910206557200964,0.7150217882894733,0.278797553457321,4.942499714846098e-07,3.2193175695993486e-07
1.1001311849593567,0.5999312726913884,0.11095518987499894,0.12370589219543603,0.632720446611654,0.29403994655991955,2.688354044429282e-08,3.1241192918958634e-07
1.0968781645466286,0.6683201733495334,0.14134075394124943,0.12875044378163195,0.5659029855568829,0.2967436873400197,5.043596989376228e-07,2.9054956879678816e-07
0.8633730066133913,0.4647186756223715,0.13989250057861838,0.15279120926664685,0.9146443393348875,0.2800524555510151,1.9577437382863544e-07,4.239072467957734e-07
1.2147173512998908,0.7252286418769537,0.1617207845051966,0.16108040357973305,0.4679888014279162,0.24078966825587986,1.058946824672504e-07,2.0571634286561345e-07
1.1225067102516368,0.6205680570046708,0.16066903694909185,0.13713194571820314,0.6333494976297854,0.2855828362219873,3.9907230727885525e-07,9.664898646659747e-08
1.1832325404519077,0.7071308408906951,0.19125807997990002,0.11862239497745242,0.5350195487889198,0.30965233038393153,3.5254760394560567e-07,4.7262809475651026e-07
0.9100133440803112,0.5607613769494348,0.12701079320842895,0.13862660381907832,0.7322813436895865,0.3053268344453792,2.221679434777594e-07,5.950577878205362e-07
1.330851885588597,0.7731754682080931,0.13594529687076423,0.13406543038505672,0.44162074382405303,0.3103694314439496,4.798946562676524e-07,6.251433988789731e-07
1.108771053545444,0.6111671551159481,0.1605451492185732,0.16507551002818674,0.644788197903785,0.27494505078896303,3.2633793020522603e-07,2.3394236847303386e-07
1.0198895889312751,0.672848900360606,0.18137817956375685,0.11961719514734928,0.5592777889610135,0.28702005406102127,4.337916619760451e-07,2.8977174309080114e-07
0.9712480739705844,0.5721409684668096,0.10986032488271825,0.10691657028620602,0.6533587521846189,0.3017352876819298,5.762697341517575e-08,2.5849300005605e-07
1.0915072824260401,0.7080071750348873,0.12837234371214581,0.14698212771266495,0.5058950049217791,0.24694964869487107,8.49678026373075e-08,4.241076239190944e-07
1.1283161023458494,0.6987757990355888,0.16582552532099584,0.1563499329843429,0.5485203289569786,0.25763883290556866,6.229075294379185e-07,5.623046733428936e-07
1.108930868325745,0.6519898736080812,0.127525987282709,0.17976187360595866,0.605329767248747,0.2458364336718189,3.2614233550940147e-07,9.62740915626703e-08
1.3593578838438314,0.7745656863857012,0.10107367006204272,0.18631291452151777,0.45756290774938174,0.27097066798656083,3.5666975811086756e-07,4.2765782436969526e-07
1.383069566726157,0.9310292576552741,0.09835157280880139,0.16070251486281548,0.3186332987996646,0.30545780688419316,1.8137458638665402e-07,2.07168482429103e-07
0.909833894462424,0.5408715103117578,0.13793038647652497,0.18479148217469013,0.7739890615286614,0.2939231493366212,7.081931233213696e-08,4.0940606600533804e-07
1.4352993326953893,0.7896985056632195,0.14339901293416807,0.17732780182401225,0.4382892312151381,0.2448317328116131,3.2122712139465145e-07,5.617762904465657e-07
1.1634692376497346,0.7266674215950956,0.09445199330017395,0.16121301982796885,0.5156317206201727,0.3087321647331131,4.0935545687853647e-07,4.1198199915802e-07
0.8712055052713412,0.5689202065918835,0.11154583441868816,0.10241562635509008,0.7173347892570694,0.31399397973812326,4.1985960824215656e-07,1.6898997379568617e-07
0.8785594117014782,0.5333662173495384,0.14784264775144015,0.15999003793989947,0.7696914628472262,0.25086469814911033,4.979291135705976e-07,4.990183587226666e-07
1.1653175997920224,0.6626169967133383,0.10483722292942718,0.142415857650648,0.5398732585444297,0.32873513076622835,3.4048776177296196e-08,4.659941407823967e-07
1.1218127688612785,0.7302829993449617,0.11257773272994348,0.1556774006631606,0.48858825744520323,0.30110614351024684,2.000124066447001e-07,5.760057047947435e-07
1.1598638531648018,0.6812328894514424,0.1493918411514933,0.15449659002158297,0.569317889857838,0.2726689650375123,1.925071793740149e-07,3.5682406666013944e-07
1.0106482637711758,0.5596494600277128,0.1784668446121369,0.14921998469534123,0.7507664460478234,0.22949834420706858,3.090778801187099e-07,3.183879803014225e-07
1.0911395744476722,0.6538181887106341,0.15904388908108266,0.13435415797117556,0.5949808143153802,0.2994974677205605,4.669763516376221e-07,2.967130586602962e-07
0.9703824630323695,0.5847053255937573,0.14962368805215864,0.1868008897810057,0.6647295191224554,0.22912910615218957,4.803137008662443e-07,5.59012525521787e-07
1.0272372220928523,0.6265023766439887,0.11352285141810672,0.12025485850688446,0.6049375935635793,0.2874685876779201,2.465833678135067e-07,2.2858757556727192e-07
1.063172162279023,0.6123397883561635,0.1908507354339789,0.11284069416469233,0.6389245802646111,0.3430761884551941,1.869479554193107e-07,2.575588686230555e-07
1.0077297330786752,0.6053938883827629,0.10926387142375357,0.10695985013597556,0.6560851451099011,0.3198712014897244,5.135897435622852e-07,4.0626563693369124e-07
1.0334642844582902,0.6382189122697026,0.14296960583931576,0.16135925796116188,0.5954200005570284,0.2560341974319686,3.877007480098911e-07,1.4658361550842937e-07
1.001308597367359,0.6208542298860008,0.16256384584462752,0.12150408407146349,0.6138278665516799,0.30411317705413293,1.9177746989590777e-07,3.578051965644382e-07
1.0868674343901776,0.705127960170284,0.11571705603974214,0.1711307039428054,0.5059477450200575,0.29052859300819184,4.857313537100916e-07,5.264444247229301e-07
0.9558610006436647,0.6017727772882857,0.14757415451036313,0.15738650250333838,0.6333028536055386,0.3062212637752345,9.291014687560046e-08,6.210596925995915e-07
1.0217766687193846,0.6888836798106789,0.13383215433974058,0.14468906614450802,0.5425349070849773,0.2790525290102696,6.28453175779712e-07,5.879480168151494e-08
0.8300245525897871,0.5175025035323417,0.15524785775690472,0.16162891126826434,0.813623972209031,0.3039973905955384,4.1277906016017224e-07,4.17663852583454e-07
1.2452404555084224,0.7546367555053926,0.1516353450379313,0.17036106593130462,0.49625189076971155,0.26444041819647374,3.3515533411308775e-07,3.375708983550665e-07
1.1673138203244873,0.7113724230681385,0.153869782621746,0.18253427795674498,0.4886904628080784,0.26068519485689917,5.713911563171823e-07,1.390941986709492e-07
0.9128355598866887,0.5622656634681179,0.11511039006399938,0.15515009867240848,0.7390798658862707,0.2843219291441926,5.880513621305415e-07,4.293828871345647e-07
1.0353866347539475,0.6041967859303402,0.10525743560189335,0.15692223398709865,0.6597241302563511,0.312510623753478,2.2465393878255842e-07,5.928381912050893e-07
0.8802274360528429,0.5176509911272738,0.12175198093850892,0.1961010392741985,0.774283913826933,0.29450403728409846,3.7261262667536393e-07,4.12308638568947e-07
1.038843540449729,0.6971576046157,0.12399281694828014,0.13986690080417788,0.5373729302997636,0.2906323013089164,5.184615023075828e-07,3.9495059447560345e-07
1.026421376381109,0.7091910083486958,0.14268222927209243,0.13871428232674976,0.5277046947289897,0.27401205199886747,2.4349183093513135e-07,6.413288637983257e-07
1.1040743523271126,0.656255989005699,0.15255617934207896,0.153960215821888,0.5440156690803163,0.26177639019642257,3.38775443446068e-07,3.1037430723832336e-07
0.7299257873737445,0.471485195400907,0.12272629651313317,0.18954212583458438,0.8676862651948037,0.28201597264550365,4.13989512116412e-07,4.4681364696644305e-07
1.1483178687013844,0.7737401593736313,0.16002032704019248,0.17829231775498058,0.4346246548175395,0.2812927269962559,3.1255703182573575e-07,3.816782387022373e-07
1.197501894046731,0.7514098070055348,0.18567363380611906,0.15151876762633973,0.44953964217175624,0.2437251234812643,6.354577665154218e-07,2.7370497756058543e-07
1.1913211001453865,0.6756202769231713,0.14319499193890944,0.1700789165687557,0.5360201969355688,0.25990261578441026,4.4253732492534747e-07,1.3500549439781196e-07
1.1033647890956304,0.7372614252849016,0.13624649192671062,0.11687948100337407,0.4972573760006161,0.3020461538548112,1.0851894918819687e-07,5.983128691318433e-07
1.1520025661364655,0.7136247865458312,0.17346511209970739,0.1386233857825022,0.4904054621201229,0.23965935338784342,4.1159071236335075e-07,2.3082170480954977e-07
1.3239650477988898,0.7391833979912449,0.11109675104511191,0.1823682378206857,0.4941380709943169,0.31306062565162585,3.6466288110509e-07,2.770839728979453e-07
1.2232708904904535,0.6805927519176803,0.15075477368350987,0.1391246033582728,0.5500955161976671,0.2921999481605915,2.6208129633083595e-07,5.39777251145124e-07
1.2273485254245906,0.7802979889468309,0.15730367443799878,0.1876381202927537,0.45339294368581595,0.25356172421423134,5.575980539231744e-08,6.480323678747848e-07
1.0503520261604808,0.7212597792141834,0.11253285928351454,0.13516333837959188,0.48878291085543113,0.3092562590479809,1.2452455888769717e-07,5.221754135539438e-07
1.1249534384686148,0.6859725248273687,0.10185483271401541,0.1925299234687281,0.5445847710099251,0.3083771155527903,4.777561481161372e-07,2.966121712446128e-07
1.2572638537032947,0.7258979215083694,0.172325477380776,0.17751693282495076,0.5009003687331581,0.2532508351393036,1.7114982664225632e-07,3.774703732469052e-07
1.0732886970146764,0.6774071151874373,0.1338572733123734,0.15796969549843815,0.5823064760268458,0.33363238697372094,3.4261368433930916e-07,2.593945868659623e-07
1.2031872518969962,0.6991616107627535,0.13761898561356772,0.17156377258247701,0.54038839909373,0.31448834551587845,3.3052394360908327e-07,4.873936190502144e-07
1.2251814512550425,0.676165741781676,0.19650309988824452,0.1244869872352245,0.5765442730892962,0.2940203441464842,4.89170239900417e-07,2.86912221430234e-07
1.105547941031017,0.6806586964562195,0.11266273801924331,0.16631645196569375,0.5287951063970839,0.32224742036314985,2.4226265898965917e-07,4.2691333916509857e-07
1.24493996065589,0.7118806117512794,0.14402565834446998,0.1425910101923445,0.5374834363562904,0.28587656649532683,3.714978746989175e-07,4.519536566376464e-07
0.9162082223239262,0.5377300674417579,0.15445773318058945,0.10933693565283435,0.7614447885851107,0.2906883597452294,4.1426462874389383e-07,1.8524487259005374e-07
1.2239293217307337,0.6621170224006113,0.11431570982246178,0.16348084963101217,0.5869075313026891,0.30761468646620427,1.5001163213715377e-07,2.452417837337396e-07
0.9882232673775657,0.6252300975286401,0.11823890058065539,0.10456375011446459,0.6516355063675267,0.3315123246715762,3.0558315861607134e-07,6.426662945166178e-07
0.8708680187251242,0.5659022210256115,0.08453705171141981,0.16275430326628704,0.7285372718027263,0.3352061241361541,5.768393129781445e-07,1.9694753198196126e-07
0.9324199674281444,0.6125955764812526,0.13200636730223456,0.17095718240258048,0.628049838851192,0.26809642687693014,4.700463393866504e-07,2.7626568245993786e-07
1.0434738127711074,0.5040666034842158,0.12332582700271563,0.13591664369130416,0.8615808189153561,0.30321310264813367,2.8880108470133344e-07,2.945775270236783e-07
0.7311027153683616,0.4384927254799562,0.1420650810585144,0.1415191348512814,0.9577893606251429,0.27546547516889724,4.535052523254569e-07,3.87874986630204e-07
0.770283885792779,0.506149588286511,0.12487809138499836,0.12741864456661145,0.863332378285752,0.30456748297360836,5.14015793228446e-07,5.654042845748464e-07
1.073658702719187,0.694361156969686,0.17103253077574337,0.13543366844279642,0.5165567356916906,0.27611347870802355,5.960416080471222e-07,6.643167908963765e-07
1.0923798421625655,0.7282153305071787,0.14894280310884878,0.17060310615906352,0.4855361524845042,0.2593096623079427,4.801902531879972e-07,6.696818740604924e-07
1.0984863887933545,0.7502190647331122,0.08850133195824032,0.17430778520658485,0.48502246029783325,0.3148379293022766,5.088670190814693e-07,4.0456057191110837e-07
0.8102286596683661,0.5071935397413032,0.13479238554482562,0.13235288981635587,0.8067423217927875,0.28487383641984454,4.502510084479774e-07,5.084743005098194e-07
1.1805782842499535,0.650879973661249,0.16473797796088555,0.16891304971288906,0.5856968510212679,0.25019454913853584,2.0293161748181258e-07,4.227148321511704e-08
1.1017539787319697,0.7052713234775101,0.14128501976382438,0.19010246337071537,0.49523997979677303,0.24583131420048665,3.919598252806913e-07,4.342412599885379e-07
1.1799945124514768,0.6803278956855062,0.1519421563257005,0.13945319313329016,0.5846568361521122,0.2996911434366217,6.40533540897651e-08,3.0616742262492165e-07
1.1308928715992594,0.6570952591163217,0.1503727559896033,0.17274400382607435,0.5931178897431089,0.29206882999754286,6.673941041111364e-08,1.390512846132533e-07
1.1783158635618307,0.610656658895702,0.12455502256041681,0.1591142599695306,0.6479898222850855,0.251558213260801,2.725569904771162e-07,6.435750483115762e-09
0.9409835306903119,0.6222571025747193,0.09237602399169517,0.14270715190815048,0.6604192375859494,0.318950204398274,3.6388596734624086e-07,3.204078668296764e-07
